"","HZ","low_bin","high_bin","date","chips","expert","institution","last.in.field","experience.ide","p","chips.all.experts","p.all.experts","expert.date"
"1","BENI",0,2,"18-02-2020",10,"1","LSHTM",">2 weeks ago",">5 years",0.5,107,0.66875,"expert 1 18-02-2020"
"2","BENI",0,2,"20-02-2020",15,"8","MSF","<2 weeks ago",">5 years",0.75,107,0.66875,"expert 8 20-02-2020"
"3","BENI",0,2,"25-02-2020",13,"11","WHO","<2 weeks ago","<5 years",0.65,107,0.66875,"expert 11 25-02-2020"
"4","BENI",0,2,"21-02-2020",3,"4","WHO","never",">5 years",0.15,107,0.66875,"expert 4 21-02-2020"
"5","BENI",0,2,"18-02-2020",12,"13","WHO","<2 weeks ago",">5 years",0.6,107,0.66875,"expert 13 18-02-2020"
"6","BENI",0,2,"21-02-2020",19,"5","WHO",">2 weeks ago","<5 years",0.95,107,0.66875,"expert 5 21-02-2020"
"7","BENI",0,2,"24-02-2020",15,"9","MSF",">2 weeks ago",">5 years",0.75,107,0.66875,"expert 9 24-02-2020"
"8","BENI",0,2,"25-02-2020",20,"3","WHO",">2 weeks ago",">5 years",1,107,0.66875,"expert 3 25-02-2020"
"9","BENI",10,12,"25-02-2020",0,"11","WHO","<2 weeks ago","<5 years",0,0,0,"expert 11 25-02-2020"
"10","BENI",10,12,"20-02-2020",0,"8","MSF","<2 weeks ago",">5 years",0,0,0,"expert 8 20-02-2020"
"11","BENI",10,12,"18-02-2020",0,"13","WHO","<2 weeks ago",">5 years",0,0,0,"expert 13 18-02-2020"
"12","BENI",10,12,"25-02-2020",0,"3","WHO",">2 weeks ago",">5 years",0,0,0,"expert 3 25-02-2020"
"13","BENI",10,12,"18-02-2020",0,"1","LSHTM",">2 weeks ago",">5 years",0,0,0,"expert 1 18-02-2020"
"14","BENI",10,12,"24-02-2020",0,"9","MSF",">2 weeks ago",">5 years",0,0,0,"expert 9 24-02-2020"
"15","BENI",10,12,"21-02-2020",0,"4","WHO","never",">5 years",0,0,0,"expert 4 21-02-2020"
"16","BENI",10,12,"21-02-2020",0,"5","WHO",">2 weeks ago","<5 years",0,0,0,"expert 5 21-02-2020"
"17","BENI",12,14,"18-02-2020",0,"1","LSHTM",">2 weeks ago",">5 years",0,0,0,"expert 1 18-02-2020"
"18","BENI",12,14,"20-02-2020",0,"8","MSF","<2 weeks ago",">5 years",0,0,0,"expert 8 20-02-2020"
"19","BENI",12,14,"25-02-2020",0,"11","WHO","<2 weeks ago","<5 years",0,0,0,"expert 11 25-02-2020"
"20","BENI",12,14,"18-02-2020",0,"13","WHO","<2 weeks ago",">5 years",0,0,0,"expert 13 18-02-2020"
"21","BENI",12,14,"24-02-2020",0,"9","MSF",">2 weeks ago",">5 years",0,0,0,"expert 9 24-02-2020"
"22","BENI",12,14,"25-02-2020",0,"3","WHO",">2 weeks ago",">5 years",0,0,0,"expert 3 25-02-2020"
"23","BENI",12,14,"21-02-2020",0,"4","WHO","never",">5 years",0,0,0,"expert 4 21-02-2020"
"24","BENI",12,14,"21-02-2020",0,"5","WHO",">2 weeks ago","<5 years",0,0,0,"expert 5 21-02-2020"
"25","BENI",14,16,"21-02-2020",0,"4","WHO","never",">5 years",0,0,0,"expert 4 21-02-2020"
"26","BENI",14,16,"24-02-2020",0,"9","MSF",">2 weeks ago",">5 years",0,0,0,"expert 9 24-02-2020"
"27","BENI",14,16,"18-02-2020",0,"13","WHO","<2 weeks ago",">5 years",0,0,0,"expert 13 18-02-2020"
"28","BENI",14,16,"18-02-2020",0,"1","LSHTM",">2 weeks ago",">5 years",0,0,0,"expert 1 18-02-2020"
"29","BENI",14,16,"21-02-2020",0,"5","WHO",">2 weeks ago","<5 years",0,0,0,"expert 5 21-02-2020"
"30","BENI",14,16,"20-02-2020",0,"8","MSF","<2 weeks ago",">5 years",0,0,0,"expert 8 20-02-2020"
"31","BENI",14,16,"25-02-2020",0,"11","WHO","<2 weeks ago","<5 years",0,0,0,"expert 11 25-02-2020"
"32","BENI",14,16,"25-02-2020",0,"3","WHO",">2 weeks ago",">5 years",0,0,0,"expert 3 25-02-2020"
"33","BENI",16,18,"18-02-2020",0,"1","LSHTM",">2 weeks ago",">5 years",0,0,0,"expert 1 18-02-2020"
"34","BENI",16,18,"25-02-2020",0,"11","WHO","<2 weeks ago","<5 years",0,0,0,"expert 11 25-02-2020"
"35","BENI",16,18,"20-02-2020",0,"8","MSF","<2 weeks ago",">5 years",0,0,0,"expert 8 20-02-2020"
"36","BENI",16,18,"21-02-2020",0,"4","WHO","never",">5 years",0,0,0,"expert 4 21-02-2020"
"37","BENI",16,18,"18-02-2020",0,"13","WHO","<2 weeks ago",">5 years",0,0,0,"expert 13 18-02-2020"
"38","BENI",16,18,"21-02-2020",0,"5","WHO",">2 weeks ago","<5 years",0,0,0,"expert 5 21-02-2020"
"39","BENI",16,18,"24-02-2020",0,"9","MSF",">2 weeks ago",">5 years",0,0,0,"expert 9 24-02-2020"
"40","BENI",16,18,"25-02-2020",0,"3","WHO",">2 weeks ago",">5 years",0,0,0,"expert 3 25-02-2020"
"41","BENI",18,20,"18-02-2020",0,"1","LSHTM",">2 weeks ago",">5 years",0,0,0,"expert 1 18-02-2020"
"42","BENI",18,20,"25-02-2020",0,"11","WHO","<2 weeks ago","<5 years",0,0,0,"expert 11 25-02-2020"
"43","BENI",18,20,"20-02-2020",0,"8","MSF","<2 weeks ago",">5 years",0,0,0,"expert 8 20-02-2020"
"44","BENI",18,20,"24-02-2020",0,"9","MSF",">2 weeks ago",">5 years",0,0,0,"expert 9 24-02-2020"
"45","BENI",18,20,"21-02-2020",0,"4","WHO","never",">5 years",0,0,0,"expert 4 21-02-2020"
"46","BENI",18,20,"25-02-2020",0,"3","WHO",">2 weeks ago",">5 years",0,0,0,"expert 3 25-02-2020"
"47","BENI",18,20,"18-02-2020",0,"13","WHO","<2 weeks ago",">5 years",0,0,0,"expert 13 18-02-2020"
"48","BENI",18,20,"21-02-2020",0,"5","WHO",">2 weeks ago","<5 years",0,0,0,"expert 5 21-02-2020"
"49","BENI",2,4,"18-02-2020",8,"1","LSHTM",">2 weeks ago",">5 years",0.4,38,0.2375,"expert 1 18-02-2020"
"50","BENI",2,4,"20-02-2020",2,"8","MSF","<2 weeks ago",">5 years",0.1,38,0.2375,"expert 8 20-02-2020"
"51","BENI",2,4,"21-02-2020",7,"4","WHO","never",">5 years",0.35,38,0.2375,"expert 4 21-02-2020"
"52","BENI",2,4,"25-02-2020",7,"11","WHO","<2 weeks ago","<5 years",0.35,38,0.2375,"expert 11 25-02-2020"
"53","BENI",2,4,"18-02-2020",8,"13","WHO","<2 weeks ago",">5 years",0.4,38,0.2375,"expert 13 18-02-2020"
"54","BENI",2,4,"25-02-2020",0,"3","WHO",">2 weeks ago",">5 years",0,38,0.2375,"expert 3 25-02-2020"
"55","BENI",2,4,"24-02-2020",5,"9","MSF",">2 weeks ago",">5 years",0.25,38,0.2375,"expert 9 24-02-2020"
"56","BENI",2,4,"21-02-2020",1,"5","WHO",">2 weeks ago","<5 years",0.05,38,0.2375,"expert 5 21-02-2020"
"57","BENI",20,22,"20-02-2020",0,"8","MSF","<2 weeks ago",">5 years",0,0,0,"expert 8 20-02-2020"
"58","BENI",20,22,"25-02-2020",0,"11","WHO","<2 weeks ago","<5 years",0,0,0,"expert 11 25-02-2020"
"59","BENI",20,22,"21-02-2020",0,"4","WHO","never",">5 years",0,0,0,"expert 4 21-02-2020"
"60","BENI",20,22,"24-02-2020",0,"9","MSF",">2 weeks ago",">5 years",0,0,0,"expert 9 24-02-2020"
"61","BENI",20,22,"18-02-2020",0,"1","LSHTM",">2 weeks ago",">5 years",0,0,0,"expert 1 18-02-2020"
"62","BENI",20,22,"18-02-2020",0,"13","WHO","<2 weeks ago",">5 years",0,0,0,"expert 13 18-02-2020"
"63","BENI",20,22,"25-02-2020",0,"3","WHO",">2 weeks ago",">5 years",0,0,0,"expert 3 25-02-2020"
"64","BENI",20,22,"21-02-2020",0,"5","WHO",">2 weeks ago","<5 years",0,0,0,"expert 5 21-02-2020"
"65","BENI",22,24,"21-02-2020",0,"4","WHO","never",">5 years",0,0,0,"expert 4 21-02-2020"
"66","BENI",22,24,"24-02-2020",0,"9","MSF",">2 weeks ago",">5 years",0,0,0,"expert 9 24-02-2020"
"67","BENI",22,24,"20-02-2020",0,"8","MSF","<2 weeks ago",">5 years",0,0,0,"expert 8 20-02-2020"
"68","BENI",22,24,"18-02-2020",0,"13","WHO","<2 weeks ago",">5 years",0,0,0,"expert 13 18-02-2020"
"69","BENI",22,24,"25-02-2020",0,"3","WHO",">2 weeks ago",">5 years",0,0,0,"expert 3 25-02-2020"
"70","BENI",22,24,"25-02-2020",0,"11","WHO","<2 weeks ago","<5 years",0,0,0,"expert 11 25-02-2020"
"71","BENI",22,24,"18-02-2020",0,"1","LSHTM",">2 weeks ago",">5 years",0,0,0,"expert 1 18-02-2020"
"72","BENI",22,24,"21-02-2020",0,"5","WHO",">2 weeks ago","<5 years",0,0,0,"expert 5 21-02-2020"
"73","BENI",24,26,"21-02-2020",0,"5","WHO",">2 weeks ago","<5 years",0,0,0,"expert 5 21-02-2020"
"74","BENI",24,26,"25-02-2020",0,"3","WHO",">2 weeks ago",">5 years",0,0,0,"expert 3 25-02-2020"
"75","BENI",24,26,"25-02-2020",0,"11","WHO","<2 weeks ago","<5 years",0,0,0,"expert 11 25-02-2020"
"76","BENI",24,26,"20-02-2020",0,"8","MSF","<2 weeks ago",">5 years",0,0,0,"expert 8 20-02-2020"
"77","BENI",24,26,"21-02-2020",0,"4","WHO","never",">5 years",0,0,0,"expert 4 21-02-2020"
"78","BENI",24,26,"18-02-2020",0,"13","WHO","<2 weeks ago",">5 years",0,0,0,"expert 13 18-02-2020"
"79","BENI",24,26,"24-02-2020",0,"9","MSF",">2 weeks ago",">5 years",0,0,0,"expert 9 24-02-2020"
"80","BENI",24,26,"18-02-2020",0,"1","LSHTM",">2 weeks ago",">5 years",0,0,0,"expert 1 18-02-2020"
"81","BENI",26,28,"25-02-2020",0,"11","WHO","<2 weeks ago","<5 years",0,0,0,"expert 11 25-02-2020"
"82","BENI",26,28,"21-02-2020",0,"4","WHO","never",">5 years",0,0,0,"expert 4 21-02-2020"
"83","BENI",26,28,"21-02-2020",0,"5","WHO",">2 weeks ago","<5 years",0,0,0,"expert 5 21-02-2020"
"84","BENI",26,28,"24-02-2020",0,"9","MSF",">2 weeks ago",">5 years",0,0,0,"expert 9 24-02-2020"
"85","BENI",26,28,"20-02-2020",0,"8","MSF","<2 weeks ago",">5 years",0,0,0,"expert 8 20-02-2020"
"86","BENI",26,28,"18-02-2020",0,"1","LSHTM",">2 weeks ago",">5 years",0,0,0,"expert 1 18-02-2020"
"87","BENI",26,28,"25-02-2020",0,"3","WHO",">2 weeks ago",">5 years",0,0,0,"expert 3 25-02-2020"
"88","BENI",26,28,"18-02-2020",0,"13","WHO","<2 weeks ago",">5 years",0,0,0,"expert 13 18-02-2020"
"89","BENI",28,30,"18-02-2020",0,"1","LSHTM",">2 weeks ago",">5 years",0,0,0,"expert 1 18-02-2020"
"90","BENI",28,30,"25-02-2020",0,"11","WHO","<2 weeks ago","<5 years",0,0,0,"expert 11 25-02-2020"
"91","BENI",28,30,"20-02-2020",0,"8","MSF","<2 weeks ago",">5 years",0,0,0,"expert 8 20-02-2020"
"92","BENI",28,30,"21-02-2020",0,"5","WHO",">2 weeks ago","<5 years",0,0,0,"expert 5 21-02-2020"
"93","BENI",28,30,"25-02-2020",0,"3","WHO",">2 weeks ago",">5 years",0,0,0,"expert 3 25-02-2020"
"94","BENI",28,30,"24-02-2020",0,"9","MSF",">2 weeks ago",">5 years",0,0,0,"expert 9 24-02-2020"
"95","BENI",28,30,"21-02-2020",0,"4","WHO","never",">5 years",0,0,0,"expert 4 21-02-2020"
"96","BENI",28,30,"18-02-2020",0,"13","WHO","<2 weeks ago",">5 years",0,0,0,"expert 13 18-02-2020"
"97","BENI",30,32,"25-02-2020",0,"11","WHO","<2 weeks ago","<5 years",0,0,0,"expert 11 25-02-2020"
"98","BENI",30,32,"21-02-2020",0,"5","WHO",">2 weeks ago","<5 years",0,0,0,"expert 5 21-02-2020"
"99","BENI",30,32,"25-02-2020",0,"3","WHO",">2 weeks ago",">5 years",0,0,0,"expert 3 25-02-2020"
"100","BENI",30,32,"20-02-2020",0,"8","MSF","<2 weeks ago",">5 years",0,0,0,"expert 8 20-02-2020"
"101","BENI",30,32,"18-02-2020",0,"1","LSHTM",">2 weeks ago",">5 years",0,0,0,"expert 1 18-02-2020"
"102","BENI",30,32,"24-02-2020",0,"9","MSF",">2 weeks ago",">5 years",0,0,0,"expert 9 24-02-2020"
"103","BENI",30,32,"21-02-2020",0,"4","WHO","never",">5 years",0,0,0,"expert 4 21-02-2020"
"104","BENI",30,32,"18-02-2020",0,"13","WHO","<2 weeks ago",">5 years",0,0,0,"expert 13 18-02-2020"
"105","BENI",32,34,"24-02-2020",0,"9","MSF",">2 weeks ago",">5 years",0,0,0,"expert 9 24-02-2020"
"106","BENI",32,34,"21-02-2020",0,"4","WHO","never",">5 years",0,0,0,"expert 4 21-02-2020"
"107","BENI",32,34,"25-02-2020",0,"11","WHO","<2 weeks ago","<5 years",0,0,0,"expert 11 25-02-2020"
"108","BENI",32,34,"25-02-2020",0,"3","WHO",">2 weeks ago",">5 years",0,0,0,"expert 3 25-02-2020"
"109","BENI",32,34,"18-02-2020",0,"13","WHO","<2 weeks ago",">5 years",0,0,0,"expert 13 18-02-2020"
"110","BENI",32,34,"21-02-2020",0,"5","WHO",">2 weeks ago","<5 years",0,0,0,"expert 5 21-02-2020"
"111","BENI",32,34,"18-02-2020",0,"1","LSHTM",">2 weeks ago",">5 years",0,0,0,"expert 1 18-02-2020"
"112","BENI",32,34,"20-02-2020",0,"8","MSF","<2 weeks ago",">5 years",0,0,0,"expert 8 20-02-2020"
"113","BENI",34,36,"18-02-2020",0,"1","LSHTM",">2 weeks ago",">5 years",0,0,0,"expert 1 18-02-2020"
"114","BENI",34,36,"21-02-2020",0,"4","WHO","never",">5 years",0,0,0,"expert 4 21-02-2020"
"115","BENI",34,36,"20-02-2020",0,"8","MSF","<2 weeks ago",">5 years",0,0,0,"expert 8 20-02-2020"
"116","BENI",34,36,"25-02-2020",0,"3","WHO",">2 weeks ago",">5 years",0,0,0,"expert 3 25-02-2020"
"117","BENI",34,36,"24-02-2020",0,"9","MSF",">2 weeks ago",">5 years",0,0,0,"expert 9 24-02-2020"
"118","BENI",34,36,"25-02-2020",0,"11","WHO","<2 weeks ago","<5 years",0,0,0,"expert 11 25-02-2020"
"119","BENI",34,36,"21-02-2020",0,"5","WHO",">2 weeks ago","<5 years",0,0,0,"expert 5 21-02-2020"
"120","BENI",34,36,"18-02-2020",0,"13","WHO","<2 weeks ago",">5 years",0,0,0,"expert 13 18-02-2020"
"121","BENI",36,38,"20-02-2020",0,"8","MSF","<2 weeks ago",">5 years",0,0,0,"expert 8 20-02-2020"
"122","BENI",36,38,"25-02-2020",0,"11","WHO","<2 weeks ago","<5 years",0,0,0,"expert 11 25-02-2020"
"123","BENI",36,38,"18-02-2020",0,"1","LSHTM",">2 weeks ago",">5 years",0,0,0,"expert 1 18-02-2020"
"124","BENI",36,38,"18-02-2020",0,"13","WHO","<2 weeks ago",">5 years",0,0,0,"expert 13 18-02-2020"
"125","BENI",36,38,"25-02-2020",0,"3","WHO",">2 weeks ago",">5 years",0,0,0,"expert 3 25-02-2020"
"126","BENI",36,38,"21-02-2020",0,"4","WHO","never",">5 years",0,0,0,"expert 4 21-02-2020"
"127","BENI",36,38,"24-02-2020",0,"9","MSF",">2 weeks ago",">5 years",0,0,0,"expert 9 24-02-2020"
"128","BENI",36,38,"21-02-2020",0,"5","WHO",">2 weeks ago","<5 years",0,0,0,"expert 5 21-02-2020"
"129","BENI",38,40,"18-02-2020",0,"1","LSHTM",">2 weeks ago",">5 years",0,0,0,"expert 1 18-02-2020"
"130","BENI",38,40,"20-02-2020",0,"8","MSF","<2 weeks ago",">5 years",0,0,0,"expert 8 20-02-2020"
"131","BENI",38,40,"25-02-2020",0,"11","WHO","<2 weeks ago","<5 years",0,0,0,"expert 11 25-02-2020"
"132","BENI",38,40,"18-02-2020",0,"13","WHO","<2 weeks ago",">5 years",0,0,0,"expert 13 18-02-2020"
"133","BENI",38,40,"25-02-2020",0,"3","WHO",">2 weeks ago",">5 years",0,0,0,"expert 3 25-02-2020"
"134","BENI",38,40,"21-02-2020",0,"4","WHO","never",">5 years",0,0,0,"expert 4 21-02-2020"
"135","BENI",38,40,"24-02-2020",0,"9","MSF",">2 weeks ago",">5 years",0,0,0,"expert 9 24-02-2020"
"136","BENI",38,40,"21-02-2020",0,"5","WHO",">2 weeks ago","<5 years",0,0,0,"expert 5 21-02-2020"
"137","BENI",4,6,"21-02-2020",7,"4","WHO","never",">5 years",0.35,10,0.0625,"expert 4 21-02-2020"
"138","BENI",4,6,"18-02-2020",2,"1","LSHTM",">2 weeks ago",">5 years",0.1,10,0.0625,"expert 1 18-02-2020"
"139","BENI",4,6,"18-02-2020",0,"13","WHO","<2 weeks ago",">5 years",0,10,0.0625,"expert 13 18-02-2020"
"140","BENI",4,6,"25-02-2020",0,"11","WHO","<2 weeks ago","<5 years",0,10,0.0625,"expert 11 25-02-2020"
"141","BENI",4,6,"20-02-2020",1,"8","MSF","<2 weeks ago",">5 years",0.05,10,0.0625,"expert 8 20-02-2020"
"142","BENI",4,6,"21-02-2020",0,"5","WHO",">2 weeks ago","<5 years",0,10,0.0625,"expert 5 21-02-2020"
"143","BENI",4,6,"24-02-2020",0,"9","MSF",">2 weeks ago",">5 years",0,10,0.0625,"expert 9 24-02-2020"
"144","BENI",4,6,"25-02-2020",0,"3","WHO",">2 weeks ago",">5 years",0,10,0.0625,"expert 3 25-02-2020"
"145","BENI",40,42,"20-02-2020",0,"8","MSF","<2 weeks ago",">5 years",0,0,0,"expert 8 20-02-2020"
"146","BENI",40,42,"24-02-2020",0,"9","MSF",">2 weeks ago",">5 years",0,0,0,"expert 9 24-02-2020"
"147","BENI",40,42,"18-02-2020",0,"13","WHO","<2 weeks ago",">5 years",0,0,0,"expert 13 18-02-2020"
"148","BENI",40,42,"25-02-2020",0,"3","WHO",">2 weeks ago",">5 years",0,0,0,"expert 3 25-02-2020"
"149","BENI",40,42,"18-02-2020",0,"1","LSHTM",">2 weeks ago",">5 years",0,0,0,"expert 1 18-02-2020"
"150","BENI",40,42,"21-02-2020",0,"5","WHO",">2 weeks ago","<5 years",0,0,0,"expert 5 21-02-2020"
"151","BENI",40,42,"21-02-2020",0,"4","WHO","never",">5 years",0,0,0,"expert 4 21-02-2020"
"152","BENI",40,42,"25-02-2020",0,"11","WHO","<2 weeks ago","<5 years",0,0,0,"expert 11 25-02-2020"
"153","BENI",42,44,"21-02-2020",0,"5","WHO",">2 weeks ago","<5 years",0,0,0,"expert 5 21-02-2020"
"154","BENI",42,44,"18-02-2020",0,"13","WHO","<2 weeks ago",">5 years",0,0,0,"expert 13 18-02-2020"
"155","BENI",42,44,"18-02-2020",0,"1","LSHTM",">2 weeks ago",">5 years",0,0,0,"expert 1 18-02-2020"
"156","BENI",42,44,"21-02-2020",0,"4","WHO","never",">5 years",0,0,0,"expert 4 21-02-2020"
"157","BENI",42,44,"25-02-2020",0,"3","WHO",">2 weeks ago",">5 years",0,0,0,"expert 3 25-02-2020"
"158","BENI",42,44,"25-02-2020",0,"11","WHO","<2 weeks ago","<5 years",0,0,0,"expert 11 25-02-2020"
"159","BENI",42,44,"20-02-2020",0,"8","MSF","<2 weeks ago",">5 years",0,0,0,"expert 8 20-02-2020"
"160","BENI",42,44,"24-02-2020",0,"9","MSF",">2 weeks ago",">5 years",0,0,0,"expert 9 24-02-2020"
"161","BENI",44,46,"18-02-2020",0,"1","LSHTM",">2 weeks ago",">5 years",0,0,0,"expert 1 18-02-2020"
"162","BENI",44,46,"21-02-2020",0,"4","WHO","never",">5 years",0,0,0,"expert 4 21-02-2020"
"163","BENI",44,46,"24-02-2020",0,"9","MSF",">2 weeks ago",">5 years",0,0,0,"expert 9 24-02-2020"
"164","BENI",44,46,"25-02-2020",0,"11","WHO","<2 weeks ago","<5 years",0,0,0,"expert 11 25-02-2020"
"165","BENI",44,46,"21-02-2020",0,"5","WHO",">2 weeks ago","<5 years",0,0,0,"expert 5 21-02-2020"
"166","BENI",44,46,"20-02-2020",0,"8","MSF","<2 weeks ago",">5 years",0,0,0,"expert 8 20-02-2020"
"167","BENI",44,46,"18-02-2020",0,"13","WHO","<2 weeks ago",">5 years",0,0,0,"expert 13 18-02-2020"
"168","BENI",44,46,"25-02-2020",0,"3","WHO",">2 weeks ago",">5 years",0,0,0,"expert 3 25-02-2020"
"169","BENI",46,48,"20-02-2020",0,"8","MSF","<2 weeks ago",">5 years",0,0,0,"expert 8 20-02-2020"
"170","BENI",46,48,"25-02-2020",0,"3","WHO",">2 weeks ago",">5 years",0,0,0,"expert 3 25-02-2020"
"171","BENI",46,48,"25-02-2020",0,"11","WHO","<2 weeks ago","<5 years",0,0,0,"expert 11 25-02-2020"
"172","BENI",46,48,"18-02-2020",0,"13","WHO","<2 weeks ago",">5 years",0,0,0,"expert 13 18-02-2020"
"173","BENI",46,48,"24-02-2020",0,"9","MSF",">2 weeks ago",">5 years",0,0,0,"expert 9 24-02-2020"
"174","BENI",46,48,"21-02-2020",0,"5","WHO",">2 weeks ago","<5 years",0,0,0,"expert 5 21-02-2020"
"175","BENI",46,48,"18-02-2020",0,"1","LSHTM",">2 weeks ago",">5 years",0,0,0,"expert 1 18-02-2020"
"176","BENI",46,48,"21-02-2020",0,"4","WHO","never",">5 years",0,0,0,"expert 4 21-02-2020"
"177","BENI",48,50,"20-02-2020",0,"8","MSF","<2 weeks ago",">5 years",0,0,0,"expert 8 20-02-2020"
"178","BENI",48,50,"18-02-2020",0,"13","WHO","<2 weeks ago",">5 years",0,0,0,"expert 13 18-02-2020"
"179","BENI",48,50,"25-02-2020",0,"3","WHO",">2 weeks ago",">5 years",0,0,0,"expert 3 25-02-2020"
"180","BENI",48,50,"21-02-2020",0,"5","WHO",">2 weeks ago","<5 years",0,0,0,"expert 5 21-02-2020"
"181","BENI",48,50,"24-02-2020",0,"9","MSF",">2 weeks ago",">5 years",0,0,0,"expert 9 24-02-2020"
"182","BENI",48,50,"18-02-2020",0,"1","LSHTM",">2 weeks ago",">5 years",0,0,0,"expert 1 18-02-2020"
"183","BENI",48,50,"21-02-2020",0,"4","WHO","never",">5 years",0,0,0,"expert 4 21-02-2020"
"184","BENI",48,50,"25-02-2020",0,"11","WHO","<2 weeks ago","<5 years",0,0,0,"expert 11 25-02-2020"
"185","BENI",6,8,"20-02-2020",1,"8","MSF","<2 weeks ago",">5 years",0.05,4,0.025,"expert 8 20-02-2020"
"186","BENI",6,8,"18-02-2020",0,"1","LSHTM",">2 weeks ago",">5 years",0,4,0.025,"expert 1 18-02-2020"
"187","BENI",6,8,"25-02-2020",0,"11","WHO","<2 weeks ago","<5 years",0,4,0.025,"expert 11 25-02-2020"
"188","BENI",6,8,"21-02-2020",3,"4","WHO","never",">5 years",0.15,4,0.025,"expert 4 21-02-2020"
"189","BENI",6,8,"18-02-2020",0,"13","WHO","<2 weeks ago",">5 years",0,4,0.025,"expert 13 18-02-2020"
"190","BENI",6,8,"21-02-2020",0,"5","WHO",">2 weeks ago","<5 years",0,4,0.025,"expert 5 21-02-2020"
"191","BENI",6,8,"24-02-2020",0,"9","MSF",">2 weeks ago",">5 years",0,4,0.025,"expert 9 24-02-2020"
"192","BENI",6,8,"25-02-2020",0,"3","WHO",">2 weeks ago",">5 years",0,4,0.025,"expert 3 25-02-2020"
"193","BENI",8,10,"20-02-2020",1,"8","MSF","<2 weeks ago",">5 years",0.05,1,0.00625,"expert 8 20-02-2020"
"194","BENI",8,10,"25-02-2020",0,"11","WHO","<2 weeks ago","<5 years",0,1,0.00625,"expert 11 25-02-2020"
"195","BENI",8,10,"18-02-2020",0,"1","LSHTM",">2 weeks ago",">5 years",0,1,0.00625,"expert 1 18-02-2020"
"196","BENI",8,10,"18-02-2020",0,"13","WHO","<2 weeks ago",">5 years",0,1,0.00625,"expert 13 18-02-2020"
"197","BENI",8,10,"25-02-2020",0,"3","WHO",">2 weeks ago",">5 years",0,1,0.00625,"expert 3 25-02-2020"
"198","BENI",8,10,"21-02-2020",0,"4","WHO","never",">5 years",0,1,0.00625,"expert 4 21-02-2020"
"199","BENI",8,10,"24-02-2020",0,"9","MSF",">2 weeks ago",">5 years",0,1,0.00625,"expert 9 24-02-2020"
"200","BENI",8,10,"21-02-2020",0,"5","WHO",">2 weeks ago","<5 years",0,1,0.00625,"expert 5 21-02-2020"
"201","BUTEMBO",0,2,"18-02-2020",20,"13","WHO","<2 weeks ago",">5 years",1,140,0.875,"expert 13 18-02-2020"
"202","BUTEMBO",0,2,"21-02-2020",20,"5","WHO",">2 weeks ago","<5 years",1,140,0.875,"expert 5 21-02-2020"
"203","BUTEMBO",0,2,"25-02-2020",20,"3","WHO",">2 weeks ago",">5 years",1,140,0.875,"expert 3 25-02-2020"
"204","BUTEMBO",0,2,"20-02-2020",17,"8","MSF","<2 weeks ago",">5 years",0.85,140,0.875,"expert 8 20-02-2020"
"205","BUTEMBO",0,2,"21-02-2020",6,"4","WHO","never",">5 years",0.3,140,0.875,"expert 4 21-02-2020"
"206","BUTEMBO",0,2,"18-02-2020",18,"1","LSHTM",">2 weeks ago",">5 years",0.9,140,0.875,"expert 1 18-02-2020"
"207","BUTEMBO",0,2,"25-02-2020",19,"11","WHO","<2 weeks ago","<5 years",0.95,140,0.875,"expert 11 25-02-2020"
"208","BUTEMBO",0,2,"24-02-2020",20,"9","MSF",">2 weeks ago",">5 years",1,140,0.875,"expert 9 24-02-2020"
"209","BUTEMBO",10,12,"21-02-2020",0,"4","WHO","never",">5 years",0,0,0,"expert 4 21-02-2020"
"210","BUTEMBO",10,12,"20-02-2020",0,"8","MSF","<2 weeks ago",">5 years",0,0,0,"expert 8 20-02-2020"
"211","BUTEMBO",10,12,"21-02-2020",0,"5","WHO",">2 weeks ago","<5 years",0,0,0,"expert 5 21-02-2020"
"212","BUTEMBO",10,12,"18-02-2020",0,"1","LSHTM",">2 weeks ago",">5 years",0,0,0,"expert 1 18-02-2020"
"213","BUTEMBO",10,12,"25-02-2020",0,"11","WHO","<2 weeks ago","<5 years",0,0,0,"expert 11 25-02-2020"
"214","BUTEMBO",10,12,"18-02-2020",0,"13","WHO","<2 weeks ago",">5 years",0,0,0,"expert 13 18-02-2020"
"215","BUTEMBO",10,12,"24-02-2020",0,"9","MSF",">2 weeks ago",">5 years",0,0,0,"expert 9 24-02-2020"
"216","BUTEMBO",10,12,"25-02-2020",0,"3","WHO",">2 weeks ago",">5 years",0,0,0,"expert 3 25-02-2020"
"217","BUTEMBO",12,14,"21-02-2020",0,"4","WHO","never",">5 years",0,0,0,"expert 4 21-02-2020"
"218","BUTEMBO",12,14,"20-02-2020",0,"8","MSF","<2 weeks ago",">5 years",0,0,0,"expert 8 20-02-2020"
"219","BUTEMBO",12,14,"21-02-2020",0,"5","WHO",">2 weeks ago","<5 years",0,0,0,"expert 5 21-02-2020"
"220","BUTEMBO",12,14,"18-02-2020",0,"1","LSHTM",">2 weeks ago",">5 years",0,0,0,"expert 1 18-02-2020"
"221","BUTEMBO",12,14,"25-02-2020",0,"11","WHO","<2 weeks ago","<5 years",0,0,0,"expert 11 25-02-2020"
"222","BUTEMBO",12,14,"25-02-2020",0,"3","WHO",">2 weeks ago",">5 years",0,0,0,"expert 3 25-02-2020"
"223","BUTEMBO",12,14,"18-02-2020",0,"13","WHO","<2 weeks ago",">5 years",0,0,0,"expert 13 18-02-2020"
"224","BUTEMBO",12,14,"24-02-2020",0,"9","MSF",">2 weeks ago",">5 years",0,0,0,"expert 9 24-02-2020"
"225","BUTEMBO",14,16,"25-02-2020",0,"11","WHO","<2 weeks ago","<5 years",0,0,0,"expert 11 25-02-2020"
"226","BUTEMBO",14,16,"21-02-2020",0,"4","WHO","never",">5 years",0,0,0,"expert 4 21-02-2020"
"227","BUTEMBO",14,16,"18-02-2020",0,"13","WHO","<2 weeks ago",">5 years",0,0,0,"expert 13 18-02-2020"
"228","BUTEMBO",14,16,"20-02-2020",0,"8","MSF","<2 weeks ago",">5 years",0,0,0,"expert 8 20-02-2020"
"229","BUTEMBO",14,16,"18-02-2020",0,"1","LSHTM",">2 weeks ago",">5 years",0,0,0,"expert 1 18-02-2020"
"230","BUTEMBO",14,16,"24-02-2020",0,"9","MSF",">2 weeks ago",">5 years",0,0,0,"expert 9 24-02-2020"
"231","BUTEMBO",14,16,"21-02-2020",0,"5","WHO",">2 weeks ago","<5 years",0,0,0,"expert 5 21-02-2020"
"232","BUTEMBO",14,16,"25-02-2020",0,"3","WHO",">2 weeks ago",">5 years",0,0,0,"expert 3 25-02-2020"
"233","BUTEMBO",16,18,"24-02-2020",0,"9","MSF",">2 weeks ago",">5 years",0,0,0,"expert 9 24-02-2020"
"234","BUTEMBO",16,18,"25-02-2020",0,"3","WHO",">2 weeks ago",">5 years",0,0,0,"expert 3 25-02-2020"
"235","BUTEMBO",16,18,"21-02-2020",0,"4","WHO","never",">5 years",0,0,0,"expert 4 21-02-2020"
"236","BUTEMBO",16,18,"25-02-2020",0,"11","WHO","<2 weeks ago","<5 years",0,0,0,"expert 11 25-02-2020"
"237","BUTEMBO",16,18,"18-02-2020",0,"1","LSHTM",">2 weeks ago",">5 years",0,0,0,"expert 1 18-02-2020"
"238","BUTEMBO",16,18,"18-02-2020",0,"13","WHO","<2 weeks ago",">5 years",0,0,0,"expert 13 18-02-2020"
"239","BUTEMBO",16,18,"21-02-2020",0,"5","WHO",">2 weeks ago","<5 years",0,0,0,"expert 5 21-02-2020"
"240","BUTEMBO",16,18,"20-02-2020",0,"8","MSF","<2 weeks ago",">5 years",0,0,0,"expert 8 20-02-2020"
"241","BUTEMBO",18,20,"25-02-2020",0,"11","WHO","<2 weeks ago","<5 years",0,0,0,"expert 11 25-02-2020"
"242","BUTEMBO",18,20,"21-02-2020",0,"5","WHO",">2 weeks ago","<5 years",0,0,0,"expert 5 21-02-2020"
"243","BUTEMBO",18,20,"20-02-2020",0,"8","MSF","<2 weeks ago",">5 years",0,0,0,"expert 8 20-02-2020"
"244","BUTEMBO",18,20,"25-02-2020",0,"3","WHO",">2 weeks ago",">5 years",0,0,0,"expert 3 25-02-2020"
"245","BUTEMBO",18,20,"24-02-2020",0,"9","MSF",">2 weeks ago",">5 years",0,0,0,"expert 9 24-02-2020"
"246","BUTEMBO",18,20,"18-02-2020",0,"1","LSHTM",">2 weeks ago",">5 years",0,0,0,"expert 1 18-02-2020"
"247","BUTEMBO",18,20,"21-02-2020",0,"4","WHO","never",">5 years",0,0,0,"expert 4 21-02-2020"
"248","BUTEMBO",18,20,"18-02-2020",0,"13","WHO","<2 weeks ago",">5 years",0,0,0,"expert 13 18-02-2020"
"249","BUTEMBO",2,4,"21-02-2020",0,"5","WHO",">2 weeks ago","<5 years",0,11,0.06875,"expert 5 21-02-2020"
"250","BUTEMBO",2,4,"25-02-2020",0,"3","WHO",">2 weeks ago",">5 years",0,11,0.06875,"expert 3 25-02-2020"
"251","BUTEMBO",2,4,"21-02-2020",6,"4","WHO","never",">5 years",0.3,11,0.06875,"expert 4 21-02-2020"
"252","BUTEMBO",2,4,"20-02-2020",2,"8","MSF","<2 weeks ago",">5 years",0.1,11,0.06875,"expert 8 20-02-2020"
"253","BUTEMBO",2,4,"25-02-2020",1,"11","WHO","<2 weeks ago","<5 years",0.05,11,0.06875,"expert 11 25-02-2020"
"254","BUTEMBO",2,4,"18-02-2020",0,"13","WHO","<2 weeks ago",">5 years",0,11,0.06875,"expert 13 18-02-2020"
"255","BUTEMBO",2,4,"18-02-2020",2,"1","LSHTM",">2 weeks ago",">5 years",0.1,11,0.06875,"expert 1 18-02-2020"
"256","BUTEMBO",2,4,"24-02-2020",0,"9","MSF",">2 weeks ago",">5 years",0,11,0.06875,"expert 9 24-02-2020"
"257","BUTEMBO",20,22,"25-02-2020",0,"11","WHO","<2 weeks ago","<5 years",0,0,0,"expert 11 25-02-2020"
"258","BUTEMBO",20,22,"21-02-2020",0,"5","WHO",">2 weeks ago","<5 years",0,0,0,"expert 5 21-02-2020"
"259","BUTEMBO",20,22,"20-02-2020",0,"8","MSF","<2 weeks ago",">5 years",0,0,0,"expert 8 20-02-2020"
"260","BUTEMBO",20,22,"18-02-2020",0,"1","LSHTM",">2 weeks ago",">5 years",0,0,0,"expert 1 18-02-2020"
"261","BUTEMBO",20,22,"21-02-2020",0,"4","WHO","never",">5 years",0,0,0,"expert 4 21-02-2020"
"262","BUTEMBO",20,22,"24-02-2020",0,"9","MSF",">2 weeks ago",">5 years",0,0,0,"expert 9 24-02-2020"
"263","BUTEMBO",20,22,"18-02-2020",0,"13","WHO","<2 weeks ago",">5 years",0,0,0,"expert 13 18-02-2020"
"264","BUTEMBO",20,22,"25-02-2020",0,"3","WHO",">2 weeks ago",">5 years",0,0,0,"expert 3 25-02-2020"
"265","BUTEMBO",22,24,"25-02-2020",0,"11","WHO","<2 weeks ago","<5 years",0,0,0,"expert 11 25-02-2020"
"266","BUTEMBO",22,24,"18-02-2020",0,"1","LSHTM",">2 weeks ago",">5 years",0,0,0,"expert 1 18-02-2020"
"267","BUTEMBO",22,24,"25-02-2020",0,"3","WHO",">2 weeks ago",">5 years",0,0,0,"expert 3 25-02-2020"
"268","BUTEMBO",22,24,"24-02-2020",0,"9","MSF",">2 weeks ago",">5 years",0,0,0,"expert 9 24-02-2020"
"269","BUTEMBO",22,24,"20-02-2020",0,"8","MSF","<2 weeks ago",">5 years",0,0,0,"expert 8 20-02-2020"
"270","BUTEMBO",22,24,"21-02-2020",0,"4","WHO","never",">5 years",0,0,0,"expert 4 21-02-2020"
"271","BUTEMBO",22,24,"21-02-2020",0,"5","WHO",">2 weeks ago","<5 years",0,0,0,"expert 5 21-02-2020"
"272","BUTEMBO",22,24,"18-02-2020",0,"13","WHO","<2 weeks ago",">5 years",0,0,0,"expert 13 18-02-2020"
"273","BUTEMBO",24,26,"25-02-2020",0,"3","WHO",">2 weeks ago",">5 years",0,0,0,"expert 3 25-02-2020"
"274","BUTEMBO",24,26,"20-02-2020",0,"8","MSF","<2 weeks ago",">5 years",0,0,0,"expert 8 20-02-2020"
"275","BUTEMBO",24,26,"25-02-2020",0,"11","WHO","<2 weeks ago","<5 years",0,0,0,"expert 11 25-02-2020"
"276","BUTEMBO",24,26,"21-02-2020",0,"5","WHO",">2 weeks ago","<5 years",0,0,0,"expert 5 21-02-2020"
"277","BUTEMBO",24,26,"24-02-2020",0,"9","MSF",">2 weeks ago",">5 years",0,0,0,"expert 9 24-02-2020"
"278","BUTEMBO",24,26,"18-02-2020",0,"13","WHO","<2 weeks ago",">5 years",0,0,0,"expert 13 18-02-2020"
"279","BUTEMBO",24,26,"18-02-2020",0,"1","LSHTM",">2 weeks ago",">5 years",0,0,0,"expert 1 18-02-2020"
"280","BUTEMBO",24,26,"21-02-2020",0,"4","WHO","never",">5 years",0,0,0,"expert 4 21-02-2020"
"281","BUTEMBO",26,28,"21-02-2020",0,"4","WHO","never",">5 years",0,0,0,"expert 4 21-02-2020"
"282","BUTEMBO",26,28,"25-02-2020",0,"3","WHO",">2 weeks ago",">5 years",0,0,0,"expert 3 25-02-2020"
"283","BUTEMBO",26,28,"18-02-2020",0,"13","WHO","<2 weeks ago",">5 years",0,0,0,"expert 13 18-02-2020"
"284","BUTEMBO",26,28,"18-02-2020",0,"1","LSHTM",">2 weeks ago",">5 years",0,0,0,"expert 1 18-02-2020"
"285","BUTEMBO",26,28,"25-02-2020",0,"11","WHO","<2 weeks ago","<5 years",0,0,0,"expert 11 25-02-2020"
"286","BUTEMBO",26,28,"24-02-2020",0,"9","MSF",">2 weeks ago",">5 years",0,0,0,"expert 9 24-02-2020"
"287","BUTEMBO",26,28,"20-02-2020",0,"8","MSF","<2 weeks ago",">5 years",0,0,0,"expert 8 20-02-2020"
"288","BUTEMBO",26,28,"21-02-2020",0,"5","WHO",">2 weeks ago","<5 years",0,0,0,"expert 5 21-02-2020"
"289","BUTEMBO",28,30,"21-02-2020",0,"4","WHO","never",">5 years",0,0,0,"expert 4 21-02-2020"
"290","BUTEMBO",28,30,"18-02-2020",0,"1","LSHTM",">2 weeks ago",">5 years",0,0,0,"expert 1 18-02-2020"
"291","BUTEMBO",28,30,"25-02-2020",0,"11","WHO","<2 weeks ago","<5 years",0,0,0,"expert 11 25-02-2020"
"292","BUTEMBO",28,30,"25-02-2020",0,"3","WHO",">2 weeks ago",">5 years",0,0,0,"expert 3 25-02-2020"
"293","BUTEMBO",28,30,"20-02-2020",0,"8","MSF","<2 weeks ago",">5 years",0,0,0,"expert 8 20-02-2020"
"294","BUTEMBO",28,30,"21-02-2020",0,"5","WHO",">2 weeks ago","<5 years",0,0,0,"expert 5 21-02-2020"
"295","BUTEMBO",28,30,"18-02-2020",0,"13","WHO","<2 weeks ago",">5 years",0,0,0,"expert 13 18-02-2020"
"296","BUTEMBO",28,30,"24-02-2020",0,"9","MSF",">2 weeks ago",">5 years",0,0,0,"expert 9 24-02-2020"
"297","BUTEMBO",30,32,"21-02-2020",0,"4","WHO","never",">5 years",0,0,0,"expert 4 21-02-2020"
"298","BUTEMBO",30,32,"25-02-2020",0,"11","WHO","<2 weeks ago","<5 years",0,0,0,"expert 11 25-02-2020"
"299","BUTEMBO",30,32,"18-02-2020",0,"1","LSHTM",">2 weeks ago",">5 years",0,0,0,"expert 1 18-02-2020"
"300","BUTEMBO",30,32,"21-02-2020",0,"5","WHO",">2 weeks ago","<5 years",0,0,0,"expert 5 21-02-2020"
"301","BUTEMBO",30,32,"20-02-2020",0,"8","MSF","<2 weeks ago",">5 years",0,0,0,"expert 8 20-02-2020"
"302","BUTEMBO",30,32,"24-02-2020",0,"9","MSF",">2 weeks ago",">5 years",0,0,0,"expert 9 24-02-2020"
"303","BUTEMBO",30,32,"18-02-2020",0,"13","WHO","<2 weeks ago",">5 years",0,0,0,"expert 13 18-02-2020"
"304","BUTEMBO",30,32,"25-02-2020",0,"3","WHO",">2 weeks ago",">5 years",0,0,0,"expert 3 25-02-2020"
"305","BUTEMBO",32,34,"18-02-2020",0,"1","LSHTM",">2 weeks ago",">5 years",0,0,0,"expert 1 18-02-2020"
"306","BUTEMBO",32,34,"20-02-2020",0,"8","MSF","<2 weeks ago",">5 years",0,0,0,"expert 8 20-02-2020"
"307","BUTEMBO",32,34,"21-02-2020",0,"4","WHO","never",">5 years",0,0,0,"expert 4 21-02-2020"
"308","BUTEMBO",32,34,"25-02-2020",0,"11","WHO","<2 weeks ago","<5 years",0,0,0,"expert 11 25-02-2020"
"309","BUTEMBO",32,34,"21-02-2020",0,"5","WHO",">2 weeks ago","<5 years",0,0,0,"expert 5 21-02-2020"
"310","BUTEMBO",32,34,"24-02-2020",0,"9","MSF",">2 weeks ago",">5 years",0,0,0,"expert 9 24-02-2020"
"311","BUTEMBO",32,34,"18-02-2020",0,"13","WHO","<2 weeks ago",">5 years",0,0,0,"expert 13 18-02-2020"
"312","BUTEMBO",32,34,"25-02-2020",0,"3","WHO",">2 weeks ago",">5 years",0,0,0,"expert 3 25-02-2020"
"313","BUTEMBO",34,36,"18-02-2020",0,"1","LSHTM",">2 weeks ago",">5 years",0,0,0,"expert 1 18-02-2020"
"314","BUTEMBO",34,36,"18-02-2020",0,"13","WHO","<2 weeks ago",">5 years",0,0,0,"expert 13 18-02-2020"
"315","BUTEMBO",34,36,"24-02-2020",0,"9","MSF",">2 weeks ago",">5 years",0,0,0,"expert 9 24-02-2020"
"316","BUTEMBO",34,36,"21-02-2020",0,"4","WHO","never",">5 years",0,0,0,"expert 4 21-02-2020"
"317","BUTEMBO",34,36,"25-02-2020",0,"3","WHO",">2 weeks ago",">5 years",0,0,0,"expert 3 25-02-2020"
"318","BUTEMBO",34,36,"25-02-2020",0,"11","WHO","<2 weeks ago","<5 years",0,0,0,"expert 11 25-02-2020"
"319","BUTEMBO",34,36,"20-02-2020",0,"8","MSF","<2 weeks ago",">5 years",0,0,0,"expert 8 20-02-2020"
"320","BUTEMBO",34,36,"21-02-2020",0,"5","WHO",">2 weeks ago","<5 years",0,0,0,"expert 5 21-02-2020"
"321","BUTEMBO",36,38,"21-02-2020",0,"4","WHO","never",">5 years",0,0,0,"expert 4 21-02-2020"
"322","BUTEMBO",36,38,"21-02-2020",0,"5","WHO",">2 weeks ago","<5 years",0,0,0,"expert 5 21-02-2020"
"323","BUTEMBO",36,38,"18-02-2020",0,"1","LSHTM",">2 weeks ago",">5 years",0,0,0,"expert 1 18-02-2020"
"324","BUTEMBO",36,38,"20-02-2020",0,"8","MSF","<2 weeks ago",">5 years",0,0,0,"expert 8 20-02-2020"
"325","BUTEMBO",36,38,"25-02-2020",0,"11","WHO","<2 weeks ago","<5 years",0,0,0,"expert 11 25-02-2020"
"326","BUTEMBO",36,38,"18-02-2020",0,"13","WHO","<2 weeks ago",">5 years",0,0,0,"expert 13 18-02-2020"
"327","BUTEMBO",36,38,"24-02-2020",0,"9","MSF",">2 weeks ago",">5 years",0,0,0,"expert 9 24-02-2020"
"328","BUTEMBO",36,38,"25-02-2020",0,"3","WHO",">2 weeks ago",">5 years",0,0,0,"expert 3 25-02-2020"
"329","BUTEMBO",38,40,"21-02-2020",0,"4","WHO","never",">5 years",0,0,0,"expert 4 21-02-2020"
"330","BUTEMBO",38,40,"21-02-2020",0,"5","WHO",">2 weeks ago","<5 years",0,0,0,"expert 5 21-02-2020"
"331","BUTEMBO",38,40,"20-02-2020",0,"8","MSF","<2 weeks ago",">5 years",0,0,0,"expert 8 20-02-2020"
"332","BUTEMBO",38,40,"25-02-2020",0,"3","WHO",">2 weeks ago",">5 years",0,0,0,"expert 3 25-02-2020"
"333","BUTEMBO",38,40,"18-02-2020",0,"1","LSHTM",">2 weeks ago",">5 years",0,0,0,"expert 1 18-02-2020"
"334","BUTEMBO",38,40,"25-02-2020",0,"11","WHO","<2 weeks ago","<5 years",0,0,0,"expert 11 25-02-2020"
"335","BUTEMBO",38,40,"24-02-2020",0,"9","MSF",">2 weeks ago",">5 years",0,0,0,"expert 9 24-02-2020"
"336","BUTEMBO",38,40,"18-02-2020",0,"13","WHO","<2 weeks ago",">5 years",0,0,0,"expert 13 18-02-2020"
"337","BUTEMBO",4,6,"18-02-2020",0,"1","LSHTM",">2 weeks ago",">5 years",0,7,0.04375,"expert 1 18-02-2020"
"338","BUTEMBO",4,6,"25-02-2020",0,"11","WHO","<2 weeks ago","<5 years",0,7,0.04375,"expert 11 25-02-2020"
"339","BUTEMBO",4,6,"24-02-2020",0,"9","MSF",">2 weeks ago",">5 years",0,7,0.04375,"expert 9 24-02-2020"
"340","BUTEMBO",4,6,"21-02-2020",6,"4","WHO","never",">5 years",0.3,7,0.04375,"expert 4 21-02-2020"
"341","BUTEMBO",4,6,"18-02-2020",0,"13","WHO","<2 weeks ago",">5 years",0,7,0.04375,"expert 13 18-02-2020"
"342","BUTEMBO",4,6,"20-02-2020",1,"8","MSF","<2 weeks ago",">5 years",0.05,7,0.04375,"expert 8 20-02-2020"
"343","BUTEMBO",4,6,"21-02-2020",0,"5","WHO",">2 weeks ago","<5 years",0,7,0.04375,"expert 5 21-02-2020"
"344","BUTEMBO",4,6,"25-02-2020",0,"3","WHO",">2 weeks ago",">5 years",0,7,0.04375,"expert 3 25-02-2020"
"345","BUTEMBO",40,42,"21-02-2020",0,"4","WHO","never",">5 years",0,0,0,"expert 4 21-02-2020"
"346","BUTEMBO",40,42,"20-02-2020",0,"8","MSF","<2 weeks ago",">5 years",0,0,0,"expert 8 20-02-2020"
"347","BUTEMBO",40,42,"21-02-2020",0,"5","WHO",">2 weeks ago","<5 years",0,0,0,"expert 5 21-02-2020"
"348","BUTEMBO",40,42,"18-02-2020",0,"1","LSHTM",">2 weeks ago",">5 years",0,0,0,"expert 1 18-02-2020"
"349","BUTEMBO",40,42,"25-02-2020",0,"11","WHO","<2 weeks ago","<5 years",0,0,0,"expert 11 25-02-2020"
"350","BUTEMBO",40,42,"25-02-2020",0,"3","WHO",">2 weeks ago",">5 years",0,0,0,"expert 3 25-02-2020"
"351","BUTEMBO",40,42,"18-02-2020",0,"13","WHO","<2 weeks ago",">5 years",0,0,0,"expert 13 18-02-2020"
"352","BUTEMBO",40,42,"24-02-2020",0,"9","MSF",">2 weeks ago",">5 years",0,0,0,"expert 9 24-02-2020"
"353","BUTEMBO",42,44,"18-02-2020",0,"1","LSHTM",">2 weeks ago",">5 years",0,0,0,"expert 1 18-02-2020"
"354","BUTEMBO",42,44,"20-02-2020",0,"8","MSF","<2 weeks ago",">5 years",0,0,0,"expert 8 20-02-2020"
"355","BUTEMBO",42,44,"21-02-2020",0,"4","WHO","never",">5 years",0,0,0,"expert 4 21-02-2020"
"356","BUTEMBO",42,44,"25-02-2020",0,"11","WHO","<2 weeks ago","<5 years",0,0,0,"expert 11 25-02-2020"
"357","BUTEMBO",42,44,"21-02-2020",0,"5","WHO",">2 weeks ago","<5 years",0,0,0,"expert 5 21-02-2020"
"358","BUTEMBO",42,44,"18-02-2020",0,"13","WHO","<2 weeks ago",">5 years",0,0,0,"expert 13 18-02-2020"
"359","BUTEMBO",42,44,"25-02-2020",0,"3","WHO",">2 weeks ago",">5 years",0,0,0,"expert 3 25-02-2020"
"360","BUTEMBO",42,44,"24-02-2020",0,"9","MSF",">2 weeks ago",">5 years",0,0,0,"expert 9 24-02-2020"
"361","BUTEMBO",44,46,"18-02-2020",0,"1","LSHTM",">2 weeks ago",">5 years",0,0,0,"expert 1 18-02-2020"
"362","BUTEMBO",44,46,"20-02-2020",0,"8","MSF","<2 weeks ago",">5 years",0,0,0,"expert 8 20-02-2020"
"363","BUTEMBO",44,46,"21-02-2020",0,"4","WHO","never",">5 years",0,0,0,"expert 4 21-02-2020"
"364","BUTEMBO",44,46,"24-02-2020",0,"9","MSF",">2 weeks ago",">5 years",0,0,0,"expert 9 24-02-2020"
"365","BUTEMBO",44,46,"18-02-2020",0,"13","WHO","<2 weeks ago",">5 years",0,0,0,"expert 13 18-02-2020"
"366","BUTEMBO",44,46,"25-02-2020",0,"11","WHO","<2 weeks ago","<5 years",0,0,0,"expert 11 25-02-2020"
"367","BUTEMBO",44,46,"25-02-2020",0,"3","WHO",">2 weeks ago",">5 years",0,0,0,"expert 3 25-02-2020"
"368","BUTEMBO",44,46,"21-02-2020",0,"5","WHO",">2 weeks ago","<5 years",0,0,0,"expert 5 21-02-2020"
"369","BUTEMBO",46,48,"21-02-2020",0,"4","WHO","never",">5 years",0,0,0,"expert 4 21-02-2020"
"370","BUTEMBO",46,48,"20-02-2020",0,"8","MSF","<2 weeks ago",">5 years",0,0,0,"expert 8 20-02-2020"
"371","BUTEMBO",46,48,"18-02-2020",0,"1","LSHTM",">2 weeks ago",">5 years",0,0,0,"expert 1 18-02-2020"
"372","BUTEMBO",46,48,"25-02-2020",0,"11","WHO","<2 weeks ago","<5 years",0,0,0,"expert 11 25-02-2020"
"373","BUTEMBO",46,48,"18-02-2020",0,"13","WHO","<2 weeks ago",">5 years",0,0,0,"expert 13 18-02-2020"
"374","BUTEMBO",46,48,"21-02-2020",0,"5","WHO",">2 weeks ago","<5 years",0,0,0,"expert 5 21-02-2020"
"375","BUTEMBO",46,48,"24-02-2020",0,"9","MSF",">2 weeks ago",">5 years",0,0,0,"expert 9 24-02-2020"
"376","BUTEMBO",46,48,"25-02-2020",0,"3","WHO",">2 weeks ago",">5 years",0,0,0,"expert 3 25-02-2020"
"377","BUTEMBO",48,50,"18-02-2020",0,"1","LSHTM",">2 weeks ago",">5 years",0,0,0,"expert 1 18-02-2020"
"378","BUTEMBO",48,50,"20-02-2020",0,"8","MSF","<2 weeks ago",">5 years",0,0,0,"expert 8 20-02-2020"
"379","BUTEMBO",48,50,"21-02-2020",0,"4","WHO","never",">5 years",0,0,0,"expert 4 21-02-2020"
"380","BUTEMBO",48,50,"25-02-2020",0,"11","WHO","<2 weeks ago","<5 years",0,0,0,"expert 11 25-02-2020"
"381","BUTEMBO",48,50,"21-02-2020",0,"5","WHO",">2 weeks ago","<5 years",0,0,0,"expert 5 21-02-2020"
"382","BUTEMBO",48,50,"18-02-2020",0,"13","WHO","<2 weeks ago",">5 years",0,0,0,"expert 13 18-02-2020"
"383","BUTEMBO",48,50,"24-02-2020",0,"9","MSF",">2 weeks ago",">5 years",0,0,0,"expert 9 24-02-2020"
"384","BUTEMBO",48,50,"25-02-2020",0,"3","WHO",">2 weeks ago",">5 years",0,0,0,"expert 3 25-02-2020"
"385","BUTEMBO",6,8,"20-02-2020",0,"8","MSF","<2 weeks ago",">5 years",0,2,0.0125,"expert 8 20-02-2020"
"386","BUTEMBO",6,8,"24-02-2020",0,"9","MSF",">2 weeks ago",">5 years",0,2,0.0125,"expert 9 24-02-2020"
"387","BUTEMBO",6,8,"18-02-2020",0,"13","WHO","<2 weeks ago",">5 years",0,2,0.0125,"expert 13 18-02-2020"
"388","BUTEMBO",6,8,"18-02-2020",0,"1","LSHTM",">2 weeks ago",">5 years",0,2,0.0125,"expert 1 18-02-2020"
"389","BUTEMBO",6,8,"21-02-2020",0,"5","WHO",">2 weeks ago","<5 years",0,2,0.0125,"expert 5 21-02-2020"
"390","BUTEMBO",6,8,"25-02-2020",0,"3","WHO",">2 weeks ago",">5 years",0,2,0.0125,"expert 3 25-02-2020"
"391","BUTEMBO",6,8,"25-02-2020",0,"11","WHO","<2 weeks ago","<5 years",0,2,0.0125,"expert 11 25-02-2020"
"392","BUTEMBO",6,8,"21-02-2020",2,"4","WHO","never",">5 years",0.1,2,0.0125,"expert 4 21-02-2020"
"393","BUTEMBO",8,10,"18-02-2020",0,"13","WHO","<2 weeks ago",">5 years",0,0,0,"expert 13 18-02-2020"
"394","BUTEMBO",8,10,"21-02-2020",0,"5","WHO",">2 weeks ago","<5 years",0,0,0,"expert 5 21-02-2020"
"395","BUTEMBO",8,10,"21-02-2020",0,"4","WHO","never",">5 years",0,0,0,"expert 4 21-02-2020"
"396","BUTEMBO",8,10,"25-02-2020",0,"3","WHO",">2 weeks ago",">5 years",0,0,0,"expert 3 25-02-2020"
"397","BUTEMBO",8,10,"18-02-2020",0,"1","LSHTM",">2 weeks ago",">5 years",0,0,0,"expert 1 18-02-2020"
"398","BUTEMBO",8,10,"25-02-2020",0,"11","WHO","<2 weeks ago","<5 years",0,0,0,"expert 11 25-02-2020"
"399","BUTEMBO",8,10,"20-02-2020",0,"8","MSF","<2 weeks ago",">5 years",0,0,0,"expert 8 20-02-2020"
"400","BUTEMBO",8,10,"24-02-2020",0,"9","MSF",">2 weeks ago",">5 years",0,0,0,"expert 9 24-02-2020"
"401","GOMA",0,2,"20-02-2020",19,"8","MSF","<2 weeks ago",">5 years",0.95,152,0.95,"expert 8 20-02-2020"
"402","GOMA",0,2,"25-02-2020",20,"11","WHO","<2 weeks ago","<5 years",1,152,0.95,"expert 11 25-02-2020"
"403","GOMA",0,2,"18-02-2020",18,"13","WHO","<2 weeks ago",">5 years",0.9,152,0.95,"expert 13 18-02-2020"
"404","GOMA",0,2,"21-02-2020",20,"5","WHO",">2 weeks ago","<5 years",1,152,0.95,"expert 5 21-02-2020"
"405","GOMA",0,2,"24-02-2020",20,"9","MSF",">2 weeks ago",">5 years",1,152,0.95,"expert 9 24-02-2020"
"406","GOMA",0,2,"25-02-2020",20,"3","WHO",">2 weeks ago",">5 years",1,152,0.95,"expert 3 25-02-2020"
"407","GOMA",0,2,"21-02-2020",17,"4","WHO","never",">5 years",0.85,152,0.95,"expert 4 21-02-2020"
"408","GOMA",0,2,"18-02-2020",18,"1","LSHTM",">2 weeks ago",">5 years",0.9,152,0.95,"expert 1 18-02-2020"
"409","GOMA",10,12,"21-02-2020",0,"5","WHO",">2 weeks ago","<5 years",0,0,0,"expert 5 21-02-2020"
"410","GOMA",10,12,"24-02-2020",0,"9","MSF",">2 weeks ago",">5 years",0,0,0,"expert 9 24-02-2020"
"411","GOMA",10,12,"25-02-2020",0,"11","WHO","<2 weeks ago","<5 years",0,0,0,"expert 11 25-02-2020"
"412","GOMA",10,12,"25-02-2020",0,"3","WHO",">2 weeks ago",">5 years",0,0,0,"expert 3 25-02-2020"
"413","GOMA",10,12,"20-02-2020",0,"8","MSF","<2 weeks ago",">5 years",0,0,0,"expert 8 20-02-2020"
"414","GOMA",10,12,"21-02-2020",0,"4","WHO","never",">5 years",0,0,0,"expert 4 21-02-2020"
"415","GOMA",10,12,"18-02-2020",0,"1","LSHTM",">2 weeks ago",">5 years",0,0,0,"expert 1 18-02-2020"
"416","GOMA",10,12,"18-02-2020",0,"13","WHO","<2 weeks ago",">5 years",0,0,0,"expert 13 18-02-2020"
"417","GOMA",12,14,"25-02-2020",0,"3","WHO",">2 weeks ago",">5 years",0,0,0,"expert 3 25-02-2020"
"418","GOMA",12,14,"18-02-2020",0,"1","LSHTM",">2 weeks ago",">5 years",0,0,0,"expert 1 18-02-2020"
"419","GOMA",12,14,"24-02-2020",0,"9","MSF",">2 weeks ago",">5 years",0,0,0,"expert 9 24-02-2020"
"420","GOMA",12,14,"25-02-2020",0,"11","WHO","<2 weeks ago","<5 years",0,0,0,"expert 11 25-02-2020"
"421","GOMA",12,14,"21-02-2020",0,"4","WHO","never",">5 years",0,0,0,"expert 4 21-02-2020"
"422","GOMA",12,14,"18-02-2020",0,"13","WHO","<2 weeks ago",">5 years",0,0,0,"expert 13 18-02-2020"
"423","GOMA",12,14,"20-02-2020",0,"8","MSF","<2 weeks ago",">5 years",0,0,0,"expert 8 20-02-2020"
"424","GOMA",12,14,"21-02-2020",0,"5","WHO",">2 weeks ago","<5 years",0,0,0,"expert 5 21-02-2020"
"425","GOMA",14,16,"25-02-2020",0,"11","WHO","<2 weeks ago","<5 years",0,0,0,"expert 11 25-02-2020"
"426","GOMA",14,16,"20-02-2020",0,"8","MSF","<2 weeks ago",">5 years",0,0,0,"expert 8 20-02-2020"
"427","GOMA",14,16,"24-02-2020",0,"9","MSF",">2 weeks ago",">5 years",0,0,0,"expert 9 24-02-2020"
"428","GOMA",14,16,"21-02-2020",0,"4","WHO","never",">5 years",0,0,0,"expert 4 21-02-2020"
"429","GOMA",14,16,"18-02-2020",0,"13","WHO","<2 weeks ago",">5 years",0,0,0,"expert 13 18-02-2020"
"430","GOMA",14,16,"18-02-2020",0,"1","LSHTM",">2 weeks ago",">5 years",0,0,0,"expert 1 18-02-2020"
"431","GOMA",14,16,"25-02-2020",0,"3","WHO",">2 weeks ago",">5 years",0,0,0,"expert 3 25-02-2020"
"432","GOMA",14,16,"21-02-2020",0,"5","WHO",">2 weeks ago","<5 years",0,0,0,"expert 5 21-02-2020"
"433","GOMA",16,18,"18-02-2020",0,"1","LSHTM",">2 weeks ago",">5 years",0,0,0,"expert 1 18-02-2020"
"434","GOMA",16,18,"25-02-2020",0,"3","WHO",">2 weeks ago",">5 years",0,0,0,"expert 3 25-02-2020"
"435","GOMA",16,18,"21-02-2020",0,"5","WHO",">2 weeks ago","<5 years",0,0,0,"expert 5 21-02-2020"
"436","GOMA",16,18,"25-02-2020",0,"11","WHO","<2 weeks ago","<5 years",0,0,0,"expert 11 25-02-2020"
"437","GOMA",16,18,"24-02-2020",0,"9","MSF",">2 weeks ago",">5 years",0,0,0,"expert 9 24-02-2020"
"438","GOMA",16,18,"20-02-2020",0,"8","MSF","<2 weeks ago",">5 years",0,0,0,"expert 8 20-02-2020"
"439","GOMA",16,18,"21-02-2020",0,"4","WHO","never",">5 years",0,0,0,"expert 4 21-02-2020"
"440","GOMA",16,18,"18-02-2020",0,"13","WHO","<2 weeks ago",">5 years",0,0,0,"expert 13 18-02-2020"
"441","GOMA",18,20,"20-02-2020",0,"8","MSF","<2 weeks ago",">5 years",0,0,0,"expert 8 20-02-2020"
"442","GOMA",18,20,"18-02-2020",0,"1","LSHTM",">2 weeks ago",">5 years",0,0,0,"expert 1 18-02-2020"
"443","GOMA",18,20,"18-02-2020",0,"13","WHO","<2 weeks ago",">5 years",0,0,0,"expert 13 18-02-2020"
"444","GOMA",18,20,"25-02-2020",0,"11","WHO","<2 weeks ago","<5 years",0,0,0,"expert 11 25-02-2020"
"445","GOMA",18,20,"24-02-2020",0,"9","MSF",">2 weeks ago",">5 years",0,0,0,"expert 9 24-02-2020"
"446","GOMA",18,20,"21-02-2020",0,"4","WHO","never",">5 years",0,0,0,"expert 4 21-02-2020"
"447","GOMA",18,20,"21-02-2020",0,"5","WHO",">2 weeks ago","<5 years",0,0,0,"expert 5 21-02-2020"
"448","GOMA",18,20,"25-02-2020",0,"3","WHO",">2 weeks ago",">5 years",0,0,0,"expert 3 25-02-2020"
"449","GOMA",2,4,"18-02-2020",2,"1","LSHTM",">2 weeks ago",">5 years",0.1,8,0.05,"expert 1 18-02-2020"
"450","GOMA",2,4,"18-02-2020",2,"13","WHO","<2 weeks ago",">5 years",0.1,8,0.05,"expert 13 18-02-2020"
"451","GOMA",2,4,"21-02-2020",0,"5","WHO",">2 weeks ago","<5 years",0,8,0.05,"expert 5 21-02-2020"
"452","GOMA",2,4,"20-02-2020",1,"8","MSF","<2 weeks ago",">5 years",0.05,8,0.05,"expert 8 20-02-2020"
"453","GOMA",2,4,"21-02-2020",3,"4","WHO","never",">5 years",0.15,8,0.05,"expert 4 21-02-2020"
"454","GOMA",2,4,"24-02-2020",0,"9","MSF",">2 weeks ago",">5 years",0,8,0.05,"expert 9 24-02-2020"
"455","GOMA",2,4,"25-02-2020",0,"11","WHO","<2 weeks ago","<5 years",0,8,0.05,"expert 11 25-02-2020"
"456","GOMA",2,4,"25-02-2020",0,"3","WHO",">2 weeks ago",">5 years",0,8,0.05,"expert 3 25-02-2020"
"457","GOMA",20,22,"21-02-2020",0,"4","WHO","never",">5 years",0,0,0,"expert 4 21-02-2020"
"458","GOMA",20,22,"20-02-2020",0,"8","MSF","<2 weeks ago",">5 years",0,0,0,"expert 8 20-02-2020"
"459","GOMA",20,22,"18-02-2020",0,"1","LSHTM",">2 weeks ago",">5 years",0,0,0,"expert 1 18-02-2020"
"460","GOMA",20,22,"24-02-2020",0,"9","MSF",">2 weeks ago",">5 years",0,0,0,"expert 9 24-02-2020"
"461","GOMA",20,22,"21-02-2020",0,"5","WHO",">2 weeks ago","<5 years",0,0,0,"expert 5 21-02-2020"
"462","GOMA",20,22,"18-02-2020",0,"13","WHO","<2 weeks ago",">5 years",0,0,0,"expert 13 18-02-2020"
"463","GOMA",20,22,"25-02-2020",0,"3","WHO",">2 weeks ago",">5 years",0,0,0,"expert 3 25-02-2020"
"464","GOMA",20,22,"25-02-2020",0,"11","WHO","<2 weeks ago","<5 years",0,0,0,"expert 11 25-02-2020"
"465","GOMA",22,24,"20-02-2020",0,"8","MSF","<2 weeks ago",">5 years",0,0,0,"expert 8 20-02-2020"
"466","GOMA",22,24,"18-02-2020",0,"1","LSHTM",">2 weeks ago",">5 years",0,0,0,"expert 1 18-02-2020"
"467","GOMA",22,24,"18-02-2020",0,"13","WHO","<2 weeks ago",">5 years",0,0,0,"expert 13 18-02-2020"
"468","GOMA",22,24,"21-02-2020",0,"5","WHO",">2 weeks ago","<5 years",0,0,0,"expert 5 21-02-2020"
"469","GOMA",22,24,"25-02-2020",0,"11","WHO","<2 weeks ago","<5 years",0,0,0,"expert 11 25-02-2020"
"470","GOMA",22,24,"25-02-2020",0,"3","WHO",">2 weeks ago",">5 years",0,0,0,"expert 3 25-02-2020"
"471","GOMA",22,24,"21-02-2020",0,"4","WHO","never",">5 years",0,0,0,"expert 4 21-02-2020"
"472","GOMA",22,24,"24-02-2020",0,"9","MSF",">2 weeks ago",">5 years",0,0,0,"expert 9 24-02-2020"
"473","GOMA",24,26,"20-02-2020",0,"8","MSF","<2 weeks ago",">5 years",0,0,0,"expert 8 20-02-2020"
"474","GOMA",24,26,"18-02-2020",0,"1","LSHTM",">2 weeks ago",">5 years",0,0,0,"expert 1 18-02-2020"
"475","GOMA",24,26,"21-02-2020",0,"4","WHO","never",">5 years",0,0,0,"expert 4 21-02-2020"
"476","GOMA",24,26,"18-02-2020",0,"13","WHO","<2 weeks ago",">5 years",0,0,0,"expert 13 18-02-2020"
"477","GOMA",24,26,"24-02-2020",0,"9","MSF",">2 weeks ago",">5 years",0,0,0,"expert 9 24-02-2020"
"478","GOMA",24,26,"25-02-2020",0,"11","WHO","<2 weeks ago","<5 years",0,0,0,"expert 11 25-02-2020"
"479","GOMA",24,26,"21-02-2020",0,"5","WHO",">2 weeks ago","<5 years",0,0,0,"expert 5 21-02-2020"
"480","GOMA",24,26,"25-02-2020",0,"3","WHO",">2 weeks ago",">5 years",0,0,0,"expert 3 25-02-2020"
"481","GOMA",26,28,"18-02-2020",0,"1","LSHTM",">2 weeks ago",">5 years",0,0,0,"expert 1 18-02-2020"
"482","GOMA",26,28,"20-02-2020",0,"8","MSF","<2 weeks ago",">5 years",0,0,0,"expert 8 20-02-2020"
"483","GOMA",26,28,"24-02-2020",0,"9","MSF",">2 weeks ago",">5 years",0,0,0,"expert 9 24-02-2020"
"484","GOMA",26,28,"21-02-2020",0,"5","WHO",">2 weeks ago","<5 years",0,0,0,"expert 5 21-02-2020"
"485","GOMA",26,28,"18-02-2020",0,"13","WHO","<2 weeks ago",">5 years",0,0,0,"expert 13 18-02-2020"
"486","GOMA",26,28,"25-02-2020",0,"3","WHO",">2 weeks ago",">5 years",0,0,0,"expert 3 25-02-2020"
"487","GOMA",26,28,"21-02-2020",0,"4","WHO","never",">5 years",0,0,0,"expert 4 21-02-2020"
"488","GOMA",26,28,"25-02-2020",0,"11","WHO","<2 weeks ago","<5 years",0,0,0,"expert 11 25-02-2020"
"489","GOMA",28,30,"20-02-2020",0,"8","MSF","<2 weeks ago",">5 years",0,0,0,"expert 8 20-02-2020"
"490","GOMA",28,30,"18-02-2020",0,"13","WHO","<2 weeks ago",">5 years",0,0,0,"expert 13 18-02-2020"
"491","GOMA",28,30,"21-02-2020",0,"5","WHO",">2 weeks ago","<5 years",0,0,0,"expert 5 21-02-2020"
"492","GOMA",28,30,"25-02-2020",0,"3","WHO",">2 weeks ago",">5 years",0,0,0,"expert 3 25-02-2020"
"493","GOMA",28,30,"18-02-2020",0,"1","LSHTM",">2 weeks ago",">5 years",0,0,0,"expert 1 18-02-2020"
"494","GOMA",28,30,"21-02-2020",0,"4","WHO","never",">5 years",0,0,0,"expert 4 21-02-2020"
"495","GOMA",28,30,"24-02-2020",0,"9","MSF",">2 weeks ago",">5 years",0,0,0,"expert 9 24-02-2020"
"496","GOMA",28,30,"25-02-2020",0,"11","WHO","<2 weeks ago","<5 years",0,0,0,"expert 11 25-02-2020"
"497","GOMA",30,32,"18-02-2020",0,"13","WHO","<2 weeks ago",">5 years",0,0,0,"expert 13 18-02-2020"
"498","GOMA",30,32,"21-02-2020",0,"4","WHO","never",">5 years",0,0,0,"expert 4 21-02-2020"
"499","GOMA",30,32,"24-02-2020",0,"9","MSF",">2 weeks ago",">5 years",0,0,0,"expert 9 24-02-2020"
"500","GOMA",30,32,"21-02-2020",0,"5","WHO",">2 weeks ago","<5 years",0,0,0,"expert 5 21-02-2020"
"501","GOMA",30,32,"20-02-2020",0,"8","MSF","<2 weeks ago",">5 years",0,0,0,"expert 8 20-02-2020"
"502","GOMA",30,32,"18-02-2020",0,"1","LSHTM",">2 weeks ago",">5 years",0,0,0,"expert 1 18-02-2020"
"503","GOMA",30,32,"25-02-2020",0,"3","WHO",">2 weeks ago",">5 years",0,0,0,"expert 3 25-02-2020"
"504","GOMA",30,32,"25-02-2020",0,"11","WHO","<2 weeks ago","<5 years",0,0,0,"expert 11 25-02-2020"
"505","GOMA",32,34,"18-02-2020",0,"1","LSHTM",">2 weeks ago",">5 years",0,0,0,"expert 1 18-02-2020"
"506","GOMA",32,34,"25-02-2020",0,"3","WHO",">2 weeks ago",">5 years",0,0,0,"expert 3 25-02-2020"
"507","GOMA",32,34,"20-02-2020",0,"8","MSF","<2 weeks ago",">5 years",0,0,0,"expert 8 20-02-2020"
"508","GOMA",32,34,"21-02-2020",0,"5","WHO",">2 weeks ago","<5 years",0,0,0,"expert 5 21-02-2020"
"509","GOMA",32,34,"25-02-2020",0,"11","WHO","<2 weeks ago","<5 years",0,0,0,"expert 11 25-02-2020"
"510","GOMA",32,34,"18-02-2020",0,"13","WHO","<2 weeks ago",">5 years",0,0,0,"expert 13 18-02-2020"
"511","GOMA",32,34,"21-02-2020",0,"4","WHO","never",">5 years",0,0,0,"expert 4 21-02-2020"
"512","GOMA",32,34,"24-02-2020",0,"9","MSF",">2 weeks ago",">5 years",0,0,0,"expert 9 24-02-2020"
"513","GOMA",34,36,"20-02-2020",0,"8","MSF","<2 weeks ago",">5 years",0,0,0,"expert 8 20-02-2020"
"514","GOMA",34,36,"18-02-2020",0,"1","LSHTM",">2 weeks ago",">5 years",0,0,0,"expert 1 18-02-2020"
"515","GOMA",34,36,"21-02-2020",0,"4","WHO","never",">5 years",0,0,0,"expert 4 21-02-2020"
"516","GOMA",34,36,"18-02-2020",0,"13","WHO","<2 weeks ago",">5 years",0,0,0,"expert 13 18-02-2020"
"517","GOMA",34,36,"24-02-2020",0,"9","MSF",">2 weeks ago",">5 years",0,0,0,"expert 9 24-02-2020"
"518","GOMA",34,36,"25-02-2020",0,"11","WHO","<2 weeks ago","<5 years",0,0,0,"expert 11 25-02-2020"
"519","GOMA",34,36,"21-02-2020",0,"5","WHO",">2 weeks ago","<5 years",0,0,0,"expert 5 21-02-2020"
"520","GOMA",34,36,"25-02-2020",0,"3","WHO",">2 weeks ago",">5 years",0,0,0,"expert 3 25-02-2020"
"521","GOMA",36,38,"21-02-2020",0,"4","WHO","never",">5 years",0,0,0,"expert 4 21-02-2020"
"522","GOMA",36,38,"20-02-2020",0,"8","MSF","<2 weeks ago",">5 years",0,0,0,"expert 8 20-02-2020"
"523","GOMA",36,38,"18-02-2020",0,"1","LSHTM",">2 weeks ago",">5 years",0,0,0,"expert 1 18-02-2020"
"524","GOMA",36,38,"24-02-2020",0,"9","MSF",">2 weeks ago",">5 years",0,0,0,"expert 9 24-02-2020"
"525","GOMA",36,38,"21-02-2020",0,"5","WHO",">2 weeks ago","<5 years",0,0,0,"expert 5 21-02-2020"
"526","GOMA",36,38,"18-02-2020",0,"13","WHO","<2 weeks ago",">5 years",0,0,0,"expert 13 18-02-2020"
"527","GOMA",36,38,"25-02-2020",0,"3","WHO",">2 weeks ago",">5 years",0,0,0,"expert 3 25-02-2020"
"528","GOMA",36,38,"25-02-2020",0,"11","WHO","<2 weeks ago","<5 years",0,0,0,"expert 11 25-02-2020"
"529","GOMA",38,40,"18-02-2020",0,"13","WHO","<2 weeks ago",">5 years",0,0,0,"expert 13 18-02-2020"
"530","GOMA",38,40,"18-02-2020",0,"1","LSHTM",">2 weeks ago",">5 years",0,0,0,"expert 1 18-02-2020"
"531","GOMA",38,40,"25-02-2020",0,"3","WHO",">2 weeks ago",">5 years",0,0,0,"expert 3 25-02-2020"
"532","GOMA",38,40,"20-02-2020",0,"8","MSF","<2 weeks ago",">5 years",0,0,0,"expert 8 20-02-2020"
"533","GOMA",38,40,"25-02-2020",0,"11","WHO","<2 weeks ago","<5 years",0,0,0,"expert 11 25-02-2020"
"534","GOMA",38,40,"21-02-2020",0,"5","WHO",">2 weeks ago","<5 years",0,0,0,"expert 5 21-02-2020"
"535","GOMA",38,40,"21-02-2020",0,"4","WHO","never",">5 years",0,0,0,"expert 4 21-02-2020"
"536","GOMA",38,40,"24-02-2020",0,"9","MSF",">2 weeks ago",">5 years",0,0,0,"expert 9 24-02-2020"
"537","GOMA",4,6,"18-02-2020",0,"13","WHO","<2 weeks ago",">5 years",0,0,0,"expert 13 18-02-2020"
"538","GOMA",4,6,"25-02-2020",0,"11","WHO","<2 weeks ago","<5 years",0,0,0,"expert 11 25-02-2020"
"539","GOMA",4,6,"18-02-2020",0,"1","LSHTM",">2 weeks ago",">5 years",0,0,0,"expert 1 18-02-2020"
"540","GOMA",4,6,"25-02-2020",0,"3","WHO",">2 weeks ago",">5 years",0,0,0,"expert 3 25-02-2020"
"541","GOMA",4,6,"21-02-2020",0,"5","WHO",">2 weeks ago","<5 years",0,0,0,"expert 5 21-02-2020"
"542","GOMA",4,6,"20-02-2020",0,"8","MSF","<2 weeks ago",">5 years",0,0,0,"expert 8 20-02-2020"
"543","GOMA",4,6,"21-02-2020",0,"4","WHO","never",">5 years",0,0,0,"expert 4 21-02-2020"
"544","GOMA",4,6,"24-02-2020",0,"9","MSF",">2 weeks ago",">5 years",0,0,0,"expert 9 24-02-2020"
"545","GOMA",40,42,"21-02-2020",0,"4","WHO","never",">5 years",0,0,0,"expert 4 21-02-2020"
"546","GOMA",40,42,"18-02-2020",0,"1","LSHTM",">2 weeks ago",">5 years",0,0,0,"expert 1 18-02-2020"
"547","GOMA",40,42,"18-02-2020",0,"13","WHO","<2 weeks ago",">5 years",0,0,0,"expert 13 18-02-2020"
"548","GOMA",40,42,"24-02-2020",0,"9","MSF",">2 weeks ago",">5 years",0,0,0,"expert 9 24-02-2020"
"549","GOMA",40,42,"25-02-2020",0,"11","WHO","<2 weeks ago","<5 years",0,0,0,"expert 11 25-02-2020"
"550","GOMA",40,42,"21-02-2020",0,"5","WHO",">2 weeks ago","<5 years",0,0,0,"expert 5 21-02-2020"
"551","GOMA",40,42,"20-02-2020",0,"8","MSF","<2 weeks ago",">5 years",0,0,0,"expert 8 20-02-2020"
"552","GOMA",40,42,"25-02-2020",0,"3","WHO",">2 weeks ago",">5 years",0,0,0,"expert 3 25-02-2020"
"553","GOMA",42,44,"21-02-2020",0,"4","WHO","never",">5 years",0,0,0,"expert 4 21-02-2020"
"554","GOMA",42,44,"18-02-2020",0,"13","WHO","<2 weeks ago",">5 years",0,0,0,"expert 13 18-02-2020"
"555","GOMA",42,44,"18-02-2020",0,"1","LSHTM",">2 weeks ago",">5 years",0,0,0,"expert 1 18-02-2020"
"556","GOMA",42,44,"24-02-2020",0,"9","MSF",">2 weeks ago",">5 years",0,0,0,"expert 9 24-02-2020"
"557","GOMA",42,44,"25-02-2020",0,"3","WHO",">2 weeks ago",">5 years",0,0,0,"expert 3 25-02-2020"
"558","GOMA",42,44,"21-02-2020",0,"5","WHO",">2 weeks ago","<5 years",0,0,0,"expert 5 21-02-2020"
"559","GOMA",42,44,"20-02-2020",0,"8","MSF","<2 weeks ago",">5 years",0,0,0,"expert 8 20-02-2020"
"560","GOMA",42,44,"25-02-2020",0,"11","WHO","<2 weeks ago","<5 years",0,0,0,"expert 11 25-02-2020"
"561","GOMA",44,46,"21-02-2020",0,"5","WHO",">2 weeks ago","<5 years",0,0,0,"expert 5 21-02-2020"
"562","GOMA",44,46,"21-02-2020",0,"4","WHO","never",">5 years",0,0,0,"expert 4 21-02-2020"
"563","GOMA",44,46,"18-02-2020",0,"1","LSHTM",">2 weeks ago",">5 years",0,0,0,"expert 1 18-02-2020"
"564","GOMA",44,46,"25-02-2020",0,"3","WHO",">2 weeks ago",">5 years",0,0,0,"expert 3 25-02-2020"
"565","GOMA",44,46,"20-02-2020",0,"8","MSF","<2 weeks ago",">5 years",0,0,0,"expert 8 20-02-2020"
"566","GOMA",44,46,"18-02-2020",0,"13","WHO","<2 weeks ago",">5 years",0,0,0,"expert 13 18-02-2020"
"567","GOMA",44,46,"24-02-2020",0,"9","MSF",">2 weeks ago",">5 years",0,0,0,"expert 9 24-02-2020"
"568","GOMA",44,46,"25-02-2020",0,"11","WHO","<2 weeks ago","<5 years",0,0,0,"expert 11 25-02-2020"
"569","GOMA",46,48,"18-02-2020",0,"1","LSHTM",">2 weeks ago",">5 years",0,0,0,"expert 1 18-02-2020"
"570","GOMA",46,48,"24-02-2020",0,"9","MSF",">2 weeks ago",">5 years",0,0,0,"expert 9 24-02-2020"
"571","GOMA",46,48,"18-02-2020",0,"13","WHO","<2 weeks ago",">5 years",0,0,0,"expert 13 18-02-2020"
"572","GOMA",46,48,"21-02-2020",0,"4","WHO","never",">5 years",0,0,0,"expert 4 21-02-2020"
"573","GOMA",46,48,"21-02-2020",0,"5","WHO",">2 weeks ago","<5 years",0,0,0,"expert 5 21-02-2020"
"574","GOMA",46,48,"25-02-2020",0,"11","WHO","<2 weeks ago","<5 years",0,0,0,"expert 11 25-02-2020"
"575","GOMA",46,48,"25-02-2020",0,"3","WHO",">2 weeks ago",">5 years",0,0,0,"expert 3 25-02-2020"
"576","GOMA",46,48,"20-02-2020",0,"8","MSF","<2 weeks ago",">5 years",0,0,0,"expert 8 20-02-2020"
"577","GOMA",48,50,"21-02-2020",0,"4","WHO","never",">5 years",0,0,0,"expert 4 21-02-2020"
"578","GOMA",48,50,"25-02-2020",0,"3","WHO",">2 weeks ago",">5 years",0,0,0,"expert 3 25-02-2020"
"579","GOMA",48,50,"18-02-2020",0,"1","LSHTM",">2 weeks ago",">5 years",0,0,0,"expert 1 18-02-2020"
"580","GOMA",48,50,"24-02-2020",0,"9","MSF",">2 weeks ago",">5 years",0,0,0,"expert 9 24-02-2020"
"581","GOMA",48,50,"20-02-2020",0,"8","MSF","<2 weeks ago",">5 years",0,0,0,"expert 8 20-02-2020"
"582","GOMA",48,50,"18-02-2020",0,"13","WHO","<2 weeks ago",">5 years",0,0,0,"expert 13 18-02-2020"
"583","GOMA",48,50,"21-02-2020",0,"5","WHO",">2 weeks ago","<5 years",0,0,0,"expert 5 21-02-2020"
"584","GOMA",48,50,"25-02-2020",0,"11","WHO","<2 weeks ago","<5 years",0,0,0,"expert 11 25-02-2020"
"585","GOMA",6,8,"21-02-2020",0,"4","WHO","never",">5 years",0,0,0,"expert 4 21-02-2020"
"586","GOMA",6,8,"21-02-2020",0,"5","WHO",">2 weeks ago","<5 years",0,0,0,"expert 5 21-02-2020"
"587","GOMA",6,8,"18-02-2020",0,"13","WHO","<2 weeks ago",">5 years",0,0,0,"expert 13 18-02-2020"
"588","GOMA",6,8,"20-02-2020",0,"8","MSF","<2 weeks ago",">5 years",0,0,0,"expert 8 20-02-2020"
"589","GOMA",6,8,"18-02-2020",0,"1","LSHTM",">2 weeks ago",">5 years",0,0,0,"expert 1 18-02-2020"
"590","GOMA",6,8,"24-02-2020",0,"9","MSF",">2 weeks ago",">5 years",0,0,0,"expert 9 24-02-2020"
"591","GOMA",6,8,"25-02-2020",0,"11","WHO","<2 weeks ago","<5 years",0,0,0,"expert 11 25-02-2020"
"592","GOMA",6,8,"25-02-2020",0,"3","WHO",">2 weeks ago",">5 years",0,0,0,"expert 3 25-02-2020"
"593","GOMA",8,10,"25-02-2020",0,"11","WHO","<2 weeks ago","<5 years",0,0,0,"expert 11 25-02-2020"
"594","GOMA",8,10,"24-02-2020",0,"9","MSF",">2 weeks ago",">5 years",0,0,0,"expert 9 24-02-2020"
"595","GOMA",8,10,"25-02-2020",0,"3","WHO",">2 weeks ago",">5 years",0,0,0,"expert 3 25-02-2020"
"596","GOMA",8,10,"21-02-2020",0,"4","WHO","never",">5 years",0,0,0,"expert 4 21-02-2020"
"597","GOMA",8,10,"18-02-2020",0,"1","LSHTM",">2 weeks ago",">5 years",0,0,0,"expert 1 18-02-2020"
"598","GOMA",8,10,"21-02-2020",0,"5","WHO",">2 weeks ago","<5 years",0,0,0,"expert 5 21-02-2020"
"599","GOMA",8,10,"18-02-2020",0,"13","WHO","<2 weeks ago",">5 years",0,0,0,"expert 13 18-02-2020"
"600","GOMA",8,10,"20-02-2020",0,"8","MSF","<2 weeks ago",">5 years",0,0,0,"expert 8 20-02-2020"
"601","MANDIMA",0,2,"18-02-2020",20,"13","WHO","<2 weeks ago",">5 years",1,136,0.85,"expert 13 18-02-2020"
"602","MANDIMA",0,2,"21-02-2020",9,"4","WHO","never",">5 years",0.45,136,0.85,"expert 4 21-02-2020"
"603","MANDIMA",0,2,"25-02-2020",19,"11","WHO","<2 weeks ago","<5 years",0.95,136,0.85,"expert 11 25-02-2020"
"604","MANDIMA",0,2,"24-02-2020",20,"9","MSF",">2 weeks ago",">5 years",1,136,0.85,"expert 9 24-02-2020"
"605","MANDIMA",0,2,"20-02-2020",10,"8","MSF","<2 weeks ago",">5 years",0.5,136,0.85,"expert 8 20-02-2020"
"606","MANDIMA",0,2,"25-02-2020",20,"3","WHO",">2 weeks ago",">5 years",1,136,0.85,"expert 3 25-02-2020"
"607","MANDIMA",0,2,"18-02-2020",18,"1","LSHTM",">2 weeks ago",">5 years",0.9,136,0.85,"expert 1 18-02-2020"
"608","MANDIMA",0,2,"21-02-2020",20,"5","WHO",">2 weeks ago","<5 years",1,136,0.85,"expert 5 21-02-2020"
"609","MANDIMA",10,12,"20-02-2020",1,"8","MSF","<2 weeks ago",">5 years",0.05,1,0.00625,"expert 8 20-02-2020"
"610","MANDIMA",10,12,"21-02-2020",0,"5","WHO",">2 weeks ago","<5 years",0,1,0.00625,"expert 5 21-02-2020"
"611","MANDIMA",10,12,"21-02-2020",0,"4","WHO","never",">5 years",0,1,0.00625,"expert 4 21-02-2020"
"612","MANDIMA",10,12,"18-02-2020",0,"13","WHO","<2 weeks ago",">5 years",0,1,0.00625,"expert 13 18-02-2020"
"613","MANDIMA",10,12,"24-02-2020",0,"9","MSF",">2 weeks ago",">5 years",0,1,0.00625,"expert 9 24-02-2020"
"614","MANDIMA",10,12,"18-02-2020",0,"1","LSHTM",">2 weeks ago",">5 years",0,1,0.00625,"expert 1 18-02-2020"
"615","MANDIMA",10,12,"25-02-2020",0,"3","WHO",">2 weeks ago",">5 years",0,1,0.00625,"expert 3 25-02-2020"
"616","MANDIMA",10,12,"25-02-2020",0,"11","WHO","<2 weeks ago","<5 years",0,1,0.00625,"expert 11 25-02-2020"
"617","MANDIMA",12,14,"18-02-2020",0,"13","WHO","<2 weeks ago",">5 years",0,1,0.00625,"expert 13 18-02-2020"
"618","MANDIMA",12,14,"18-02-2020",0,"1","LSHTM",">2 weeks ago",">5 years",0,1,0.00625,"expert 1 18-02-2020"
"619","MANDIMA",12,14,"25-02-2020",0,"11","WHO","<2 weeks ago","<5 years",0,1,0.00625,"expert 11 25-02-2020"
"620","MANDIMA",12,14,"21-02-2020",0,"4","WHO","never",">5 years",0,1,0.00625,"expert 4 21-02-2020"
"621","MANDIMA",12,14,"20-02-2020",1,"8","MSF","<2 weeks ago",">5 years",0.05,1,0.00625,"expert 8 20-02-2020"
"622","MANDIMA",12,14,"25-02-2020",0,"3","WHO",">2 weeks ago",">5 years",0,1,0.00625,"expert 3 25-02-2020"
"623","MANDIMA",12,14,"24-02-2020",0,"9","MSF",">2 weeks ago",">5 years",0,1,0.00625,"expert 9 24-02-2020"
"624","MANDIMA",12,14,"21-02-2020",0,"5","WHO",">2 weeks ago","<5 years",0,1,0.00625,"expert 5 21-02-2020"
"625","MANDIMA",14,16,"18-02-2020",0,"1","LSHTM",">2 weeks ago",">5 years",0,0,0,"expert 1 18-02-2020"
"626","MANDIMA",14,16,"21-02-2020",0,"4","WHO","never",">5 years",0,0,0,"expert 4 21-02-2020"
"627","MANDIMA",14,16,"18-02-2020",0,"13","WHO","<2 weeks ago",">5 years",0,0,0,"expert 13 18-02-2020"
"628","MANDIMA",14,16,"20-02-2020",0,"8","MSF","<2 weeks ago",">5 years",0,0,0,"expert 8 20-02-2020"
"629","MANDIMA",14,16,"25-02-2020",0,"11","WHO","<2 weeks ago","<5 years",0,0,0,"expert 11 25-02-2020"
"630","MANDIMA",14,16,"21-02-2020",0,"5","WHO",">2 weeks ago","<5 years",0,0,0,"expert 5 21-02-2020"
"631","MANDIMA",14,16,"25-02-2020",0,"3","WHO",">2 weeks ago",">5 years",0,0,0,"expert 3 25-02-2020"
"632","MANDIMA",14,16,"24-02-2020",0,"9","MSF",">2 weeks ago",">5 years",0,0,0,"expert 9 24-02-2020"
"633","MANDIMA",16,18,"20-02-2020",0,"8","MSF","<2 weeks ago",">5 years",0,0,0,"expert 8 20-02-2020"
"634","MANDIMA",16,18,"21-02-2020",0,"5","WHO",">2 weeks ago","<5 years",0,0,0,"expert 5 21-02-2020"
"635","MANDIMA",16,18,"25-02-2020",0,"11","WHO","<2 weeks ago","<5 years",0,0,0,"expert 11 25-02-2020"
"636","MANDIMA",16,18,"18-02-2020",0,"13","WHO","<2 weeks ago",">5 years",0,0,0,"expert 13 18-02-2020"
"637","MANDIMA",16,18,"21-02-2020",0,"4","WHO","never",">5 years",0,0,0,"expert 4 21-02-2020"
"638","MANDIMA",16,18,"24-02-2020",0,"9","MSF",">2 weeks ago",">5 years",0,0,0,"expert 9 24-02-2020"
"639","MANDIMA",16,18,"18-02-2020",0,"1","LSHTM",">2 weeks ago",">5 years",0,0,0,"expert 1 18-02-2020"
"640","MANDIMA",16,18,"25-02-2020",0,"3","WHO",">2 weeks ago",">5 years",0,0,0,"expert 3 25-02-2020"
"641","MANDIMA",18,20,"18-02-2020",0,"13","WHO","<2 weeks ago",">5 years",0,0,0,"expert 13 18-02-2020"
"642","MANDIMA",18,20,"18-02-2020",0,"1","LSHTM",">2 weeks ago",">5 years",0,0,0,"expert 1 18-02-2020"
"643","MANDIMA",18,20,"25-02-2020",0,"3","WHO",">2 weeks ago",">5 years",0,0,0,"expert 3 25-02-2020"
"644","MANDIMA",18,20,"24-02-2020",0,"9","MSF",">2 weeks ago",">5 years",0,0,0,"expert 9 24-02-2020"
"645","MANDIMA",18,20,"21-02-2020",0,"4","WHO","never",">5 years",0,0,0,"expert 4 21-02-2020"
"646","MANDIMA",18,20,"20-02-2020",0,"8","MSF","<2 weeks ago",">5 years",0,0,0,"expert 8 20-02-2020"
"647","MANDIMA",18,20,"21-02-2020",0,"5","WHO",">2 weeks ago","<5 years",0,0,0,"expert 5 21-02-2020"
"648","MANDIMA",18,20,"25-02-2020",0,"11","WHO","<2 weeks ago","<5 years",0,0,0,"expert 11 25-02-2020"
"649","MANDIMA",2,4,"24-02-2020",0,"9","MSF",">2 weeks ago",">5 years",0,11,0.06875,"expert 9 24-02-2020"
"650","MANDIMA",2,4,"18-02-2020",2,"1","LSHTM",">2 weeks ago",">5 years",0.1,11,0.06875,"expert 1 18-02-2020"
"651","MANDIMA",2,4,"18-02-2020",0,"13","WHO","<2 weeks ago",">5 years",0,11,0.06875,"expert 13 18-02-2020"
"652","MANDIMA",2,4,"21-02-2020",5,"4","WHO","never",">5 years",0.25,11,0.06875,"expert 4 21-02-2020"
"653","MANDIMA",2,4,"21-02-2020",0,"5","WHO",">2 weeks ago","<5 years",0,11,0.06875,"expert 5 21-02-2020"
"654","MANDIMA",2,4,"25-02-2020",1,"11","WHO","<2 weeks ago","<5 years",0.05,11,0.06875,"expert 11 25-02-2020"
"655","MANDIMA",2,4,"20-02-2020",3,"8","MSF","<2 weeks ago",">5 years",0.15,11,0.06875,"expert 8 20-02-2020"
"656","MANDIMA",2,4,"25-02-2020",0,"3","WHO",">2 weeks ago",">5 years",0,11,0.06875,"expert 3 25-02-2020"
"657","MANDIMA",20,22,"18-02-2020",0,"13","WHO","<2 weeks ago",">5 years",0,0,0,"expert 13 18-02-2020"
"658","MANDIMA",20,22,"20-02-2020",0,"8","MSF","<2 weeks ago",">5 years",0,0,0,"expert 8 20-02-2020"
"659","MANDIMA",20,22,"21-02-2020",0,"5","WHO",">2 weeks ago","<5 years",0,0,0,"expert 5 21-02-2020"
"660","MANDIMA",20,22,"25-02-2020",0,"3","WHO",">2 weeks ago",">5 years",0,0,0,"expert 3 25-02-2020"
"661","MANDIMA",20,22,"18-02-2020",0,"1","LSHTM",">2 weeks ago",">5 years",0,0,0,"expert 1 18-02-2020"
"662","MANDIMA",20,22,"21-02-2020",0,"4","WHO","never",">5 years",0,0,0,"expert 4 21-02-2020"
"663","MANDIMA",20,22,"25-02-2020",0,"11","WHO","<2 weeks ago","<5 years",0,0,0,"expert 11 25-02-2020"
"664","MANDIMA",20,22,"24-02-2020",0,"9","MSF",">2 weeks ago",">5 years",0,0,0,"expert 9 24-02-2020"
"665","MANDIMA",22,24,"18-02-2020",0,"13","WHO","<2 weeks ago",">5 years",0,0,0,"expert 13 18-02-2020"
"666","MANDIMA",22,24,"21-02-2020",0,"5","WHO",">2 weeks ago","<5 years",0,0,0,"expert 5 21-02-2020"
"667","MANDIMA",22,24,"18-02-2020",0,"1","LSHTM",">2 weeks ago",">5 years",0,0,0,"expert 1 18-02-2020"
"668","MANDIMA",22,24,"25-02-2020",0,"11","WHO","<2 weeks ago","<5 years",0,0,0,"expert 11 25-02-2020"
"669","MANDIMA",22,24,"21-02-2020",0,"4","WHO","never",">5 years",0,0,0,"expert 4 21-02-2020"
"670","MANDIMA",22,24,"20-02-2020",0,"8","MSF","<2 weeks ago",">5 years",0,0,0,"expert 8 20-02-2020"
"671","MANDIMA",22,24,"24-02-2020",0,"9","MSF",">2 weeks ago",">5 years",0,0,0,"expert 9 24-02-2020"
"672","MANDIMA",22,24,"25-02-2020",0,"3","WHO",">2 weeks ago",">5 years",0,0,0,"expert 3 25-02-2020"
"673","MANDIMA",24,26,"18-02-2020",0,"1","LSHTM",">2 weeks ago",">5 years",0,0,0,"expert 1 18-02-2020"
"674","MANDIMA",24,26,"21-02-2020",0,"4","WHO","never",">5 years",0,0,0,"expert 4 21-02-2020"
"675","MANDIMA",24,26,"18-02-2020",0,"13","WHO","<2 weeks ago",">5 years",0,0,0,"expert 13 18-02-2020"
"676","MANDIMA",24,26,"20-02-2020",0,"8","MSF","<2 weeks ago",">5 years",0,0,0,"expert 8 20-02-2020"
"677","MANDIMA",24,26,"25-02-2020",0,"11","WHO","<2 weeks ago","<5 years",0,0,0,"expert 11 25-02-2020"
"678","MANDIMA",24,26,"21-02-2020",0,"5","WHO",">2 weeks ago","<5 years",0,0,0,"expert 5 21-02-2020"
"679","MANDIMA",24,26,"25-02-2020",0,"3","WHO",">2 weeks ago",">5 years",0,0,0,"expert 3 25-02-2020"
"680","MANDIMA",24,26,"24-02-2020",0,"9","MSF",">2 weeks ago",">5 years",0,0,0,"expert 9 24-02-2020"
"681","MANDIMA",26,28,"20-02-2020",0,"8","MSF","<2 weeks ago",">5 years",0,0,0,"expert 8 20-02-2020"
"682","MANDIMA",26,28,"21-02-2020",0,"5","WHO",">2 weeks ago","<5 years",0,0,0,"expert 5 21-02-2020"
"683","MANDIMA",26,28,"18-02-2020",0,"1","LSHTM",">2 weeks ago",">5 years",0,0,0,"expert 1 18-02-2020"
"684","MANDIMA",26,28,"18-02-2020",0,"13","WHO","<2 weeks ago",">5 years",0,0,0,"expert 13 18-02-2020"
"685","MANDIMA",26,28,"21-02-2020",0,"4","WHO","never",">5 years",0,0,0,"expert 4 21-02-2020"
"686","MANDIMA",26,28,"25-02-2020",0,"11","WHO","<2 weeks ago","<5 years",0,0,0,"expert 11 25-02-2020"
"687","MANDIMA",26,28,"25-02-2020",0,"3","WHO",">2 weeks ago",">5 years",0,0,0,"expert 3 25-02-2020"
"688","MANDIMA",26,28,"24-02-2020",0,"9","MSF",">2 weeks ago",">5 years",0,0,0,"expert 9 24-02-2020"
"689","MANDIMA",28,30,"18-02-2020",0,"13","WHO","<2 weeks ago",">5 years",0,0,0,"expert 13 18-02-2020"
"690","MANDIMA",28,30,"18-02-2020",0,"1","LSHTM",">2 weeks ago",">5 years",0,0,0,"expert 1 18-02-2020"
"691","MANDIMA",28,30,"25-02-2020",0,"11","WHO","<2 weeks ago","<5 years",0,0,0,"expert 11 25-02-2020"
"692","MANDIMA",28,30,"21-02-2020",0,"4","WHO","never",">5 years",0,0,0,"expert 4 21-02-2020"
"693","MANDIMA",28,30,"20-02-2020",0,"8","MSF","<2 weeks ago",">5 years",0,0,0,"expert 8 20-02-2020"
"694","MANDIMA",28,30,"25-02-2020",0,"3","WHO",">2 weeks ago",">5 years",0,0,0,"expert 3 25-02-2020"
"695","MANDIMA",28,30,"24-02-2020",0,"9","MSF",">2 weeks ago",">5 years",0,0,0,"expert 9 24-02-2020"
"696","MANDIMA",28,30,"21-02-2020",0,"5","WHO",">2 weeks ago","<5 years",0,0,0,"expert 5 21-02-2020"
"697","MANDIMA",30,32,"18-02-2020",0,"1","LSHTM",">2 weeks ago",">5 years",0,0,0,"expert 1 18-02-2020"
"698","MANDIMA",30,32,"21-02-2020",0,"4","WHO","never",">5 years",0,0,0,"expert 4 21-02-2020"
"699","MANDIMA",30,32,"21-02-2020",0,"5","WHO",">2 weeks ago","<5 years",0,0,0,"expert 5 21-02-2020"
"700","MANDIMA",30,32,"20-02-2020",0,"8","MSF","<2 weeks ago",">5 years",0,0,0,"expert 8 20-02-2020"
"701","MANDIMA",30,32,"18-02-2020",0,"13","WHO","<2 weeks ago",">5 years",0,0,0,"expert 13 18-02-2020"
"702","MANDIMA",30,32,"25-02-2020",0,"11","WHO","<2 weeks ago","<5 years",0,0,0,"expert 11 25-02-2020"
"703","MANDIMA",30,32,"25-02-2020",0,"3","WHO",">2 weeks ago",">5 years",0,0,0,"expert 3 25-02-2020"
"704","MANDIMA",30,32,"24-02-2020",0,"9","MSF",">2 weeks ago",">5 years",0,0,0,"expert 9 24-02-2020"
"705","MANDIMA",32,34,"25-02-2020",0,"11","WHO","<2 weeks ago","<5 years",0,0,0,"expert 11 25-02-2020"
"706","MANDIMA",32,34,"21-02-2020",0,"5","WHO",">2 weeks ago","<5 years",0,0,0,"expert 5 21-02-2020"
"707","MANDIMA",32,34,"24-02-2020",0,"9","MSF",">2 weeks ago",">5 years",0,0,0,"expert 9 24-02-2020"
"708","MANDIMA",32,34,"20-02-2020",0,"8","MSF","<2 weeks ago",">5 years",0,0,0,"expert 8 20-02-2020"
"709","MANDIMA",32,34,"18-02-2020",0,"13","WHO","<2 weeks ago",">5 years",0,0,0,"expert 13 18-02-2020"
"710","MANDIMA",32,34,"21-02-2020",0,"4","WHO","never",">5 years",0,0,0,"expert 4 21-02-2020"
"711","MANDIMA",32,34,"18-02-2020",0,"1","LSHTM",">2 weeks ago",">5 years",0,0,0,"expert 1 18-02-2020"
"712","MANDIMA",32,34,"25-02-2020",0,"3","WHO",">2 weeks ago",">5 years",0,0,0,"expert 3 25-02-2020"
"713","MANDIMA",34,36,"21-02-2020",0,"4","WHO","never",">5 years",0,0,0,"expert 4 21-02-2020"
"714","MANDIMA",34,36,"18-02-2020",0,"1","LSHTM",">2 weeks ago",">5 years",0,0,0,"expert 1 18-02-2020"
"715","MANDIMA",34,36,"25-02-2020",0,"3","WHO",">2 weeks ago",">5 years",0,0,0,"expert 3 25-02-2020"
"716","MANDIMA",34,36,"25-02-2020",0,"11","WHO","<2 weeks ago","<5 years",0,0,0,"expert 11 25-02-2020"
"717","MANDIMA",34,36,"21-02-2020",0,"5","WHO",">2 weeks ago","<5 years",0,0,0,"expert 5 21-02-2020"
"718","MANDIMA",34,36,"20-02-2020",0,"8","MSF","<2 weeks ago",">5 years",0,0,0,"expert 8 20-02-2020"
"719","MANDIMA",34,36,"24-02-2020",0,"9","MSF",">2 weeks ago",">5 years",0,0,0,"expert 9 24-02-2020"
"720","MANDIMA",34,36,"18-02-2020",0,"13","WHO","<2 weeks ago",">5 years",0,0,0,"expert 13 18-02-2020"
"721","MANDIMA",36,38,"21-02-2020",0,"4","WHO","never",">5 years",0,0,0,"expert 4 21-02-2020"
"722","MANDIMA",36,38,"24-02-2020",0,"9","MSF",">2 weeks ago",">5 years",0,0,0,"expert 9 24-02-2020"
"723","MANDIMA",36,38,"25-02-2020",0,"11","WHO","<2 weeks ago","<5 years",0,0,0,"expert 11 25-02-2020"
"724","MANDIMA",36,38,"21-02-2020",0,"5","WHO",">2 weeks ago","<5 years",0,0,0,"expert 5 21-02-2020"
"725","MANDIMA",36,38,"18-02-2020",0,"13","WHO","<2 weeks ago",">5 years",0,0,0,"expert 13 18-02-2020"
"726","MANDIMA",36,38,"20-02-2020",0,"8","MSF","<2 weeks ago",">5 years",0,0,0,"expert 8 20-02-2020"
"727","MANDIMA",36,38,"25-02-2020",0,"3","WHO",">2 weeks ago",">5 years",0,0,0,"expert 3 25-02-2020"
"728","MANDIMA",36,38,"18-02-2020",0,"1","LSHTM",">2 weeks ago",">5 years",0,0,0,"expert 1 18-02-2020"
"729","MANDIMA",38,40,"25-02-2020",0,"11","WHO","<2 weeks ago","<5 years",0,0,0,"expert 11 25-02-2020"
"730","MANDIMA",38,40,"25-02-2020",0,"3","WHO",">2 weeks ago",">5 years",0,0,0,"expert 3 25-02-2020"
"731","MANDIMA",38,40,"21-02-2020",0,"5","WHO",">2 weeks ago","<5 years",0,0,0,"expert 5 21-02-2020"
"732","MANDIMA",38,40,"24-02-2020",0,"9","MSF",">2 weeks ago",">5 years",0,0,0,"expert 9 24-02-2020"
"733","MANDIMA",38,40,"18-02-2020",0,"1","LSHTM",">2 weeks ago",">5 years",0,0,0,"expert 1 18-02-2020"
"734","MANDIMA",38,40,"18-02-2020",0,"13","WHO","<2 weeks ago",">5 years",0,0,0,"expert 13 18-02-2020"
"735","MANDIMA",38,40,"20-02-2020",0,"8","MSF","<2 weeks ago",">5 years",0,0,0,"expert 8 20-02-2020"
"736","MANDIMA",38,40,"21-02-2020",0,"4","WHO","never",">5 years",0,0,0,"expert 4 21-02-2020"
"737","MANDIMA",4,6,"18-02-2020",0,"13","WHO","<2 weeks ago",">5 years",0,5,0.03125,"expert 13 18-02-2020"
"738","MANDIMA",4,6,"20-02-2020",2,"8","MSF","<2 weeks ago",">5 years",0.1,5,0.03125,"expert 8 20-02-2020"
"739","MANDIMA",4,6,"25-02-2020",0,"11","WHO","<2 weeks ago","<5 years",0,5,0.03125,"expert 11 25-02-2020"
"740","MANDIMA",4,6,"24-02-2020",0,"9","MSF",">2 weeks ago",">5 years",0,5,0.03125,"expert 9 24-02-2020"
"741","MANDIMA",4,6,"18-02-2020",0,"1","LSHTM",">2 weeks ago",">5 years",0,5,0.03125,"expert 1 18-02-2020"
"742","MANDIMA",4,6,"25-02-2020",0,"3","WHO",">2 weeks ago",">5 years",0,5,0.03125,"expert 3 25-02-2020"
"743","MANDIMA",4,6,"21-02-2020",0,"5","WHO",">2 weeks ago","<5 years",0,5,0.03125,"expert 5 21-02-2020"
"744","MANDIMA",4,6,"21-02-2020",3,"4","WHO","never",">5 years",0.15,5,0.03125,"expert 4 21-02-2020"
"745","MANDIMA",40,42,"24-02-2020",0,"9","MSF",">2 weeks ago",">5 years",0,0,0,"expert 9 24-02-2020"
"746","MANDIMA",40,42,"25-02-2020",0,"11","WHO","<2 weeks ago","<5 years",0,0,0,"expert 11 25-02-2020"
"747","MANDIMA",40,42,"21-02-2020",0,"4","WHO","never",">5 years",0,0,0,"expert 4 21-02-2020"
"748","MANDIMA",40,42,"25-02-2020",0,"3","WHO",">2 weeks ago",">5 years",0,0,0,"expert 3 25-02-2020"
"749","MANDIMA",40,42,"21-02-2020",0,"5","WHO",">2 weeks ago","<5 years",0,0,0,"expert 5 21-02-2020"
"750","MANDIMA",40,42,"18-02-2020",0,"1","LSHTM",">2 weeks ago",">5 years",0,0,0,"expert 1 18-02-2020"
"751","MANDIMA",40,42,"20-02-2020",0,"8","MSF","<2 weeks ago",">5 years",0,0,0,"expert 8 20-02-2020"
"752","MANDIMA",40,42,"18-02-2020",0,"13","WHO","<2 weeks ago",">5 years",0,0,0,"expert 13 18-02-2020"
"753","MANDIMA",42,44,"18-02-2020",0,"1","LSHTM",">2 weeks ago",">5 years",0,0,0,"expert 1 18-02-2020"
"754","MANDIMA",42,44,"18-02-2020",0,"13","WHO","<2 weeks ago",">5 years",0,0,0,"expert 13 18-02-2020"
"755","MANDIMA",42,44,"20-02-2020",0,"8","MSF","<2 weeks ago",">5 years",0,0,0,"expert 8 20-02-2020"
"756","MANDIMA",42,44,"25-02-2020",0,"3","WHO",">2 weeks ago",">5 years",0,0,0,"expert 3 25-02-2020"
"757","MANDIMA",42,44,"24-02-2020",0,"9","MSF",">2 weeks ago",">5 years",0,0,0,"expert 9 24-02-2020"
"758","MANDIMA",42,44,"25-02-2020",0,"11","WHO","<2 weeks ago","<5 years",0,0,0,"expert 11 25-02-2020"
"759","MANDIMA",42,44,"21-02-2020",0,"4","WHO","never",">5 years",0,0,0,"expert 4 21-02-2020"
"760","MANDIMA",42,44,"21-02-2020",0,"5","WHO",">2 weeks ago","<5 years",0,0,0,"expert 5 21-02-2020"
"761","MANDIMA",44,46,"20-02-2020",0,"8","MSF","<2 weeks ago",">5 years",0,0,0,"expert 8 20-02-2020"
"762","MANDIMA",44,46,"21-02-2020",0,"5","WHO",">2 weeks ago","<5 years",0,0,0,"expert 5 21-02-2020"
"763","MANDIMA",44,46,"24-02-2020",0,"9","MSF",">2 weeks ago",">5 years",0,0,0,"expert 9 24-02-2020"
"764","MANDIMA",44,46,"21-02-2020",0,"4","WHO","never",">5 years",0,0,0,"expert 4 21-02-2020"
"765","MANDIMA",44,46,"18-02-2020",0,"1","LSHTM",">2 weeks ago",">5 years",0,0,0,"expert 1 18-02-2020"
"766","MANDIMA",44,46,"25-02-2020",0,"3","WHO",">2 weeks ago",">5 years",0,0,0,"expert 3 25-02-2020"
"767","MANDIMA",44,46,"18-02-2020",0,"13","WHO","<2 weeks ago",">5 years",0,0,0,"expert 13 18-02-2020"
"768","MANDIMA",44,46,"25-02-2020",0,"11","WHO","<2 weeks ago","<5 years",0,0,0,"expert 11 25-02-2020"
"769","MANDIMA",46,48,"18-02-2020",0,"1","LSHTM",">2 weeks ago",">5 years",0,0,0,"expert 1 18-02-2020"
"770","MANDIMA",46,48,"18-02-2020",0,"13","WHO","<2 weeks ago",">5 years",0,0,0,"expert 13 18-02-2020"
"771","MANDIMA",46,48,"20-02-2020",0,"8","MSF","<2 weeks ago",">5 years",0,0,0,"expert 8 20-02-2020"
"772","MANDIMA",46,48,"21-02-2020",0,"5","WHO",">2 weeks ago","<5 years",0,0,0,"expert 5 21-02-2020"
"773","MANDIMA",46,48,"24-02-2020",0,"9","MSF",">2 weeks ago",">5 years",0,0,0,"expert 9 24-02-2020"
"774","MANDIMA",46,48,"21-02-2020",0,"4","WHO","never",">5 years",0,0,0,"expert 4 21-02-2020"
"775","MANDIMA",46,48,"25-02-2020",0,"11","WHO","<2 weeks ago","<5 years",0,0,0,"expert 11 25-02-2020"
"776","MANDIMA",46,48,"25-02-2020",0,"3","WHO",">2 weeks ago",">5 years",0,0,0,"expert 3 25-02-2020"
"777","MANDIMA",48,50,"25-02-2020",0,"3","WHO",">2 weeks ago",">5 years",0,0,0,"expert 3 25-02-2020"
"778","MANDIMA",48,50,"21-02-2020",0,"5","WHO",">2 weeks ago","<5 years",0,0,0,"expert 5 21-02-2020"
"779","MANDIMA",48,50,"18-02-2020",0,"1","LSHTM",">2 weeks ago",">5 years",0,0,0,"expert 1 18-02-2020"
"780","MANDIMA",48,50,"20-02-2020",0,"8","MSF","<2 weeks ago",">5 years",0,0,0,"expert 8 20-02-2020"
"781","MANDIMA",48,50,"21-02-2020",0,"4","WHO","never",">5 years",0,0,0,"expert 4 21-02-2020"
"782","MANDIMA",48,50,"25-02-2020",0,"11","WHO","<2 weeks ago","<5 years",0,0,0,"expert 11 25-02-2020"
"783","MANDIMA",48,50,"18-02-2020",0,"13","WHO","<2 weeks ago",">5 years",0,0,0,"expert 13 18-02-2020"
"784","MANDIMA",48,50,"24-02-2020",0,"9","MSF",">2 weeks ago",">5 years",0,0,0,"expert 9 24-02-2020"
"785","MANDIMA",6,8,"18-02-2020",0,"13","WHO","<2 weeks ago",">5 years",0,5,0.03125,"expert 13 18-02-2020"
"786","MANDIMA",6,8,"24-02-2020",0,"9","MSF",">2 weeks ago",">5 years",0,5,0.03125,"expert 9 24-02-2020"
"787","MANDIMA",6,8,"21-02-2020",3,"4","WHO","never",">5 years",0.15,5,0.03125,"expert 4 21-02-2020"
"788","MANDIMA",6,8,"18-02-2020",0,"1","LSHTM",">2 weeks ago",">5 years",0,5,0.03125,"expert 1 18-02-2020"
"789","MANDIMA",6,8,"20-02-2020",2,"8","MSF","<2 weeks ago",">5 years",0.1,5,0.03125,"expert 8 20-02-2020"
"790","MANDIMA",6,8,"25-02-2020",0,"3","WHO",">2 weeks ago",">5 years",0,5,0.03125,"expert 3 25-02-2020"
"791","MANDIMA",6,8,"25-02-2020",0,"11","WHO","<2 weeks ago","<5 years",0,5,0.03125,"expert 11 25-02-2020"
"792","MANDIMA",6,8,"21-02-2020",0,"5","WHO",">2 weeks ago","<5 years",0,5,0.03125,"expert 5 21-02-2020"
"793","MANDIMA",8,10,"18-02-2020",0,"1","LSHTM",">2 weeks ago",">5 years",0,1,0.00625,"expert 1 18-02-2020"
"794","MANDIMA",8,10,"24-02-2020",0,"9","MSF",">2 weeks ago",">5 years",0,1,0.00625,"expert 9 24-02-2020"
"795","MANDIMA",8,10,"21-02-2020",0,"4","WHO","never",">5 years",0,1,0.00625,"expert 4 21-02-2020"
"796","MANDIMA",8,10,"18-02-2020",0,"13","WHO","<2 weeks ago",">5 years",0,1,0.00625,"expert 13 18-02-2020"
"797","MANDIMA",8,10,"20-02-2020",1,"8","MSF","<2 weeks ago",">5 years",0.05,1,0.00625,"expert 8 20-02-2020"
"798","MANDIMA",8,10,"25-02-2020",0,"11","WHO","<2 weeks ago","<5 years",0,1,0.00625,"expert 11 25-02-2020"
"799","MANDIMA",8,10,"25-02-2020",0,"3","WHO",">2 weeks ago",">5 years",0,1,0.00625,"expert 3 25-02-2020"
"800","MANDIMA",8,10,"21-02-2020",0,"5","WHO",">2 weeks ago","<5 years",0,1,0.00625,"expert 5 21-02-2020"
